기간,자치구,동,합계,합계,합계,합계,합계,농업 임업 및 어업,농업 임업 및 어업,광업,광업,제조업,제조업,전기 가스 증기 및 공기조절 공급업,전기 가스 증기 및 공기조절 공급업,수도 하수 및 폐기물 처리 원료 재생업,수도 하수 및 폐기물 처리 원료 재생업,건설업,건설업,도매 및 소매업,도매 및 소매업,운수 및 창고업,운수 및 창고업,숙박 및 음식점업,숙박 및 음식점업,정보통신업,정보통신업,금융 및 보험업,금융 및 보험업,부동산업,부동산업,전문 과학 및 기술 서비스업,전문 과학 및 기술 서비스업,사업시설 관리 사업 지원 및 임대 서비스업,사업시설 관리 사업 지원 및 임대 서비스업,공공행정 국방 및 사회보장 행정,공공행정 국방 및 사회보장 행정,교육 서비스업,교육 서비스업,보건업 및 사회복지 서비스업,보건업 및 사회복지 서비스업,예술 스포츠 및 여가관련 서비스업,예술 스포츠 및 여가관련 서비스업,협회 및 단체 수리 및 기타 개인 서비스업,협회 및 단체 수리 및 기타 개인 서비스업
기간,자치구,동,사업체수,사업체수,종사자수,종사자수,종사자수,사업체수,종사자수,사업체수,종사자수,사업체수,종사자수,사업체수,종사자수,사업체수,종사자수,사업체수,종사자수,사업체수,종사자수,사업체수,종사자수,사업체수,종사자수,사업체수,종사자수,사업체수,종사자수,사업체수,종사자수,사업체수,종사자수,사업체수,종사자수,사업체수,종사자수,사업체수,종사자수,사업체수,종사자수,사업체수,종사자수,사업체수,종사자수
기간,자치구,동,사업체수,여성대표자,계,남,여,사업체수,종사자수,사업체수,종사자수,사업체수,종사자수,사업체수,종사자수,사업체수,종사자수,사업체수,종사자수,사업체수,종사자수,사업체수,종사자수,사업체수,종사자수,사업체수,종사자수,사업체수,종사자수,사업체수,종사자수,사업체수,종사자수,사업체수,종사자수,사업체수,종사자수,사업체수,종사자수,사업체수,종사자수,사업체수,종사자수,사업체수,종사자수
2019,합계,합계,823624,281318,5226997,2885614,2341383,24,426,20,43,57321,265273,225,6234,475,9158,21626,362785,220055,899642,94759,264181,132475,493912,23356,360062,11444,266110,43611,166094,42782,485150,16354,472573,1296,141582,35761,351320,29168,400143,23527,92752,69345,189557
2019,종로구,소계,39679,13356,260446,146392,114054,3,18,5,10,4462,13180,16,489,7,131,342,24112,16128,42172,1436,7606,6709,26606,785,16278,587,23389,1405,6341,1572,22550,1211,17932,94,15109,829,13474,750,17366,899,6034,2439,7649
2019,종로구,사직동,3574,1203,47522,25154,22368,1,12,1,2,104,359,3,11,2,34,39,688,541,2726,229,2513,886,4124,154,2133,146,7794,168,1091,366,8098,378,7408,23,6088,83,786,106,1096,91,1653,253,906
2019,종로구,삼청동,732,327,4601,2271,2330,-,-,-,-,18,40,-,-,-,-,7,57,267,910,21,93,222,874,17,76,11,63,21,35,50,348,26,108,4,1291,17,297,7,30,19,185,25,194
2019,종로구,부암동,599,255,3454,1764,1690,-,-,1,1,31,158,-,-,-,-,23,76,108,550,37,39,128,394,30,126,3,29,28,91,31,110,19,73,3,60,38,1190,19,183,18,49,82,325
2019,종로구,평창동,761,328,3447,1518,1929,-,-,1,4,23,142,-,-,-,-,19,87,158,638,38,120,139,551,24,88,9,55,66,168,35,107,15,41,3,90,48,425,38,480,33,185,112,266
2019,종로구,무악동,647,102,1644,872,772,-,-,-,-,4,6,-,-,-,-,9,53,53,121,424,442,34,105,3,13,2,17,19,94,5,5,3,12,1,12,28,177,10,486,5,11,47,90
2019,종로구,교남동,413,178,4581,1481,3100,-,-,-,-,8,20,-,-,-,-,11,36,90,287,27,52,80,284,13,72,7,37,40,111,15,96,9,20,2,37,19,176,25,3139,11,44,56,170
2019,종로구,가회동,765,351,12817,9546,3271,-,-,-,-,34,281,-,-,-,-,12,6585,172,481,22,56,242,877,18,1053,11,105,25,69,60,1386,19,232,3,495,35,691,15,93,40,190,57,223
2019,종로구,종로1.2.3.4가동,15472,4920,108747,65713,43034,-,-,2,3,1872,5329,8,472,3,19,77,15721,7063,18420,172,2361,2410,10882,293,9611,239,12295,482,3049,620,8991,536,7616,24,4944,302,3225,203,1645,246,1329,920,2835
2019,종로구,종로5·6가동,7238,2396,24537,14825,9712,1,1,-,-,992,2780,2,2,-,-,26,122,4667,10587,67,1152,620,1978,69,1813,35,1166,163,576,101,803,66,1477,5,314,35,242,98,467,44,159,247,898
2019,종로구,이화동,1191,407,17244,7708,9536,1,5,-,-,88,468,1,2,-,-,15,54,229,1175,32,64,360,1871,46,734,7,64,53,162,62,1169,15,67,3,86,40,2315,31,7921,129,700,79,387
2019,종로구,창신1동,2179,707,5907,2978,2929,-,-,-,-,313,748,-,-,1,41,7,27,1213,2482,54,144,252,735,10,29,46,546,54,180,27,76,21,72,1,17,11,108,46,406,34,110,89,186
2019,종로구,창신2동,864,300,2216,1051,1165,-,-,-,-,397,1119,-,-,-,-,12,19,120,223,44,46,124,296,6,8,4,38,18,30,9,11,10,24,2,37,5,33,26,189,17,34,70,109
2019,종로구,창신3동,281,86,895,442,453,-,-,-,-,48,128,1,1,1,37,7,15,56,131,48,87,31,72,4,7,1,7,24,65,4,29,3,3,2,43,12,124,8,89,7,18,24,39
2019,종로구,숭인1동,493,162,1545,687,858,-,-,-,-,166,537,-,-,-,-,9,26,90,255,43,72,43,129,8,12,2,15,19,58,14,35,7,17,1,17,12,34,23,220,6,23,50,95
2019,종로구,숭인2동,1747,540,6886,3090,3796,-,-,-,-,288,920,1,1,-,-,28,256,746,1703,50,86,258,718,15,51,43,1001,86,250,32,297,29,577,4,103,23,397,22,194,38,175,84,157
2019,종로구,청운효자동,1028,465,5656,2950,2706,-,-,-,-,42,76,-,-,-,-,22,92,256,593,49,130,265,711,32,147,12,68,52,108,77,396,20,86,8,1277,42,672,27,457,27,520,97,323
2019,종로구,혜화동,1695,629,8747,4342,4405,-,-,-,-,34,69,-,-,-,-,19,198,299,890,79,149,615,2005,43,305,9,89,87,204,64,593,35,99,5,198,79,2582,46,271,134,649,147,446
2019,중구,소계,60127,22451,392568,213484,179084,-,-,1,5,9018,28901,4,706,12,357,372,7335,30681,95562,1495,13924,6250,34751,957,25640,1301,51429,1780,9455,2758,36390,1501,37159,65,20287,502,8598,760,10342,558,3637,2112,8090
2019,중구,소공동,3849,1163,64144,36680,27464,-,-,-,-,76,233,1,3,2,22,21,638,1291,9386,264,5776,740,7382,92,4048,254,16313,145,1065,366,7345,255,8028,5,364,43,853,65,772,42,444,187,1472
2019,중구,회현동,8566,4391,45216,23422,21794,-,-,1,5,206,740,-,-,-,-,18,606,6763,19341,101,2149,601,3486,48,2978,149,6155,164,1059,100,4212,80,1742,7,485,26,320,74,728,32,709,196,501
2019,중구,명동,6965,1991,110390,59638,50752,-,-,-,-,257,993,3,703,2,29,34,631,1781,12006,258,3367,1345,8482,289,11932,551,23538,379,3266,611,10640,629,13961,17,14632,80,1038,181,2197,73,480,475,2495
2019,중구,필동,2886,782,22404,12611,9793,-,-,-,-,984,4115,-,-,1,33,17,133,356,1505,33,180,475,1706,129,2297,44,879,108,264,415,2426,73,2793,6,1184,53,3488,37,576,46,433,109,392
2019,중구,장충동,819,238,9181,5254,3927,-,-,-,-,101,493,-,-,2,166,12,1088,234,1579,25,84,166,2021,37,626,10,69,35,273,70,1201,25,685,3,144,15,84,12,66,18,423,54,179
2019,중구,광희동,8472,3019,36451,20148,16303,-,-,-,-,2307,7001,-,-,-,-,39,497,4168,11366,95,497,732,3259,94,1043,91,871,169,1039,374,5330,115,1493,3,1435,30,246,45,1655,51,149,159,570
2019,중구,을지로동,8812,1969,35333,22812,12521,-,-,-,-,3399,8931,-,-,-,-,48,2630,3455,10276,70,360,629,3372,121,1115,86,1596,201,540,431,2189,83,2341,4,388,18,113,46,856,59,214,162,412
2019,중구,신당5동,1193,471,4057,1974,2083,-,-,-,-,274,1073,-,-,1,1,24,108,303,801,62,95,225,551,10,44,6,95,54,126,22,87,9,25,2,44,17,299,45,447,38,91,101,170
2019,중구,황학동,1947,635,5643,3210,2433,-,-,-,-,185,431,-,-,-,-,11,127,1123,2762,54,104,265,698,4,11,17,174,66,172,31,112,14,426,2,23,18,93,29,196,31,81,97,233
2019,중구,중림동,1016,330,7530,3578,3952,-,-,-,-,64,429,-,-,1,33,11,60,240,1160,78,551,236,810,30,973,29,702,51,178,49,956,30,382,3,49,30,355,44,315,23,114,97,463
2019,중구,신당동,11459,6001,29891,12919,16972,-,-,-,-,549,1697,-,-,1,31,25,93,9855,21210,69,174,323,1127,20,108,33,722,187,738,77,266,109,1064,7,1388,16,457,29,404,42,174,117,238
2019,중구,다산동,1424,475,9742,5014,4728,-,-,-,-,173,728,-,-,-,-,49,338,379,1495,121,176,204,811,40,268,12,132,65,168,96,1046,41,3227,1,22,43,407,52,475,39,106,109,343
2019,중구,약수동,833,323,4122,1753,2369,-,-,-,-,44,199,-,-,1,24,23,108,192,674,105,200,125,452,16,44,7,49,52,248,39,169,15,134,3,92,39,204,50,1235,22,82,100,208
2019,중구,청구동,881,320,4419,2598,1821,-,-,-,-,126,603,-,-,1,18,27,232,241,827,96,139,86,319,19,131,7,76,47,143,47,192,13,773,1,19,49,454,26,232,18,60,77,201
2019,중구,동화동,1005,343,4045,1873,2172,-,-,-,-,273,1235,-,-,-,-,13,46,300,1174,64,72,98,275,8,22,5,58,57,176,30,219,10,85,1,18,25,187,25,188,24,77,72,213
2019,용산구,소계,20254,7074,135240,74570,60670,-,-,-,-,905,2955,3,5,12,145,403,6686,6842,31996,1205,3951,4594,18282,459,9718,251,5090,1223,4314,858,15994,361,10766,47,3101,537,6973,562,7147,401,2623,1591,5494
2019,용산구,후암동,928,355,3658,1856,1802,-,-,-,-,51,162,-,-,-,-,31,155,220,687,118,122,198,601,27,427,6,24,56,158,35,97,8,197,3,107,39,244,38,349,14,130,84,198
2019,용산구,용산2가동,601,204,2070,944,1126,-,-,-,-,22,48,-,-,-,-,9,25,126,264,71,105,210,635,8,83,2,10,29,47,25,64,6,18,1,20,16,448,13,146,10,66,53,91
2019,용산구,남영동,1619,583,20322,11367,8955,-,-,-,-,71,331,1,3,2,17,30,2048,381,3810,47,943,512,2136,41,1050,45,2157,55,175,72,3460,65,2329,4,68,33,198,65,550,53,344,142,703
2019,용산구,원효로2동,958,291,6846,4318,2528,-,-,-,-,28,113,-,-,2,63,28,197,412,2315,98,302,107,280,23,689,4,24,61,255,20,112,17,1756,1,18,40,329,20,172,17,40,80,181
2019,용산구,효창동,418,131,2182,1211,971,-,-,-,-,16,30,-,-,-,-,17,580,86,295,76,163,49,154,14,49,4,28,30,66,15,54,8,88,1,22,32,167,29,318,11,58,30,110
2019,용산구,용문동,630,255,1789,817,972,-,-,-,-,32,93,-,-,-,-,26,74,193,646,77,93,117,275,4,23,3,17,32,66,7,10,4,26,1,23,23,58,27,245,12,22,72,118
2019,용산구,이촌1동,812,399,3613,1597,2016,-,-,-,-,5,18,-,-,-,-,15,51,223,543,25,27,185,752,9,35,18,146,98,464,12,113,2,7,3,38,54,601,57,448,21,129,85,241
2019,용산구,이촌2동,347,119,832,494,338,-,-,-,-,12,33,-,-,2,19,12,22,84,199,80,88,32,71,9,30,3,37,37,95,6,12,4,12,2,44,9,10,9,76,4,6,42,78
2019,용산구,이태원1동,1538,634,7006,3655,3351,-,-,-,-,34,81,-,-,-,-,8,39,566,1505,33,84,618,2745,8,39,20,112,55,212,40,166,21,129,5,1320,8,90,21,273,20,64,81,147
2019,용산구,이태원2동,720,267,2208,1175,1033,-,-,-,-,22,61,-,-,-,-,14,80,166,521,63,112,242,674,11,68,10,40,58,78,34,171,6,27,1,18,15,151,17,113,9,15,52,79
2019,용산구,서빙고동,414,141,4683,2651,2032,-,-,-,-,13,43,-,-,1,2,18,924,113,792,55,236,53,180,11,468,4,19,34,226,21,154,5,33,2,46,24,236,11,72,8,733,41,519
2019,용산구,보광동,840,340,2076,1052,1024,-,-,-,-,27,41,-,-,-,-,23,46,202,393,94,106,187,423,8,17,2,19,72,118,19,73,6,59,2,55,22,316,34,209,17,23,125,178
2019,용산구,청파동,1685,633,8542,4052,4490,-,-,-,-,313,963,1,1,1,10,24,99,323,955,122,147,402,1016,39,331,11,95,80,145,39,678,34,375,3,34,55,2424,37,348,40,167,161,754
2019,용산구,원효로1동,1758,519,10067,5990,4077,-,-,-,-,76,267,1,1,1,2,41,407,702,3429,84,158,322,941,50,293,31,413,102,278,80,683,31,1385,5,570,37,290,45,496,31,106,119,348
2019,용산구,한강로동,4899,1410,41427,24376,17051,-,-,-,-,124,445,-,-,3,32,58,835,2528,12633,76,1009,764,3783,150,5447,62,1208,257,1379,276,7621,95,3524,10,649,70,526,85,922,69,222,272,1192
2019,용산구,한남동,2087,793,17919,9015,8904,-,-,-,-,59,226,-,-,-,-,49,1104,517,3009,86,256,596,3616,47,669,26,741,167,552,157,2526,49,801,3,69,60,885,54,2410,65,498,152,557
2019,성동구,소계,28343,8563,178243,102769,75474,2,5,-,-,4181,26041,18,481,31,766,655,6330,7457,33180,2781,8814,3935,12957,917,11676,310,3686,1456,5799,1687,16671,448,16877,45,4127,995,11678,754,9255,592,2113,2079,7787
2019,성동구,왕십리2동,824,300,2757,1283,1474,-,-,-,-,165,582,-,-,-,-,25,131,149,425,115,287,105,286,6,21,6,54,68,171,9,31,7,47,2,28,35,220,34,289,17,45,81,140
2019,성동구,마장동,3207,780,12056,7921,4135,-,-,-,-,282,969,2,148,2,27,44,364,1665,5545,571,989,206,609,15,49,11,156,83,196,40,386,22,1100,2,49,47,375,50,620,30,114,135,360
2019,성동구,사근동,1072,349,10842,5097,5745,-,-,-,-,44,139,-,-,2,4,10,29,151,543,67,105,464,1756,22,97,7,59,49,123,45,876,15,29,3,226,48,4383,11,2103,61,150,73,220
2019,성동구,행당1동,1388,537,8651,4223,4428,-,-,-,-,90,254,1,1,2,198,29,348,360,1252,110,211,310,1327,18,174,13,127,67,250,28,162,18,101,7,2283,81,506,73,665,43,255,138,537
2019,성동구,행당2동,627,291,2050,817,1233,-,-,-,-,15,34,-,-,-,-,20,63,112,310,116,127,67,228,1,1,4,38,46,207,6,19,2,6,2,52,89,550,44,244,14,45,89,126
2019,성동구,응봉동,369,133,1028,495,533,-,-,-,-,9,19,-,-,1,2,16,41,62,118,103,124,36,98,2,3,1,3,22,94,1,5,1,6,2,44,42,292,16,91,10,16,45,72
2019,성동구,금호1가동,567,213,2100,926,1174,-,-,-,-,38,139,-,-,-,-,17,97,89,275,112,135,68,202,4,8,4,35,42,131,11,21,5,33,2,48,55,458,37,294,16,72,67,152
2019,성동구,금호4가동,657,288,2026,895,1131,-,-,-,-,32,86,-,-,1,2,11,108,128,343,76,90,118,353,1,4,6,57,54,131,21,55,6,16,2,21,38,271,39,245,26,61,98,183
2019,성동구,성수1가1동,1792,506,10716,6274,4442,-,-,-,-,419,2069,-,-,1,123,32,169,362,1946,134,208,175,592,94,1163,16,205,119,443,185,1634,23,407,2,23,69,594,28,216,35,401,98,523
2019,성동구,성수1가2동,2877,768,21512,12757,8755,1,2,-,-,464,3016,7,12,5,55,82,843,635,4416,179,1326,418,1363,248,3114,27,375,130,696,333,2378,63,2200,3,28,66,428,43,541,46,102,127,617
2019,성동구,성수2가1동,2526,695,18394,11628,6766,-,-,-,-,620,4213,-,-,-,-,53,540,646,3233,185,600,362,1080,91,2101,7,60,99,270,127,3012,28,1133,5,758,29,387,46,298,50,116,178,593
2019,성동구,성수2가3동,5805,1298,53249,32742,20507,-,-,-,-,1370,12093,6,14,4,24,168,2763,1426,9249,409,1534,527,1864,334,4564,58,1070,259,1823,626,6439,144,7226,2,58,77,1255,56,514,94,310,245,2449
2019,성동구,송정동,711,195,2709,1617,1092,-,-,-,-,103,433,-,-,2,3,30,206,143,359,122,160,80,158,8,26,1,1,31,57,71,466,6,21,2,273,18,92,15,178,13,24,66,252
2019,성동구,용답동,1864,511,13279,8586,4693,1,3,-,-,171,740,2,306,9,304,43,230,656,2543,133,2288,238,667,26,114,85,538,78,224,69,764,48,3116,2,53,34,207,45,488,35,89,189,605
2019,성동구,왕십리도선동,2176,855,10015,4417,5598,-,-,-,-,247,852,-,-,2,24,31,214,498,1722,140,310,428,1465,29,178,52,821,158,539,68,194,46,765,3,80,123,824,109,1402,52,143,190,482
2019,성동구,금호2.3가동,1013,451,2670,1142,1528,-,-,-,-,79,229,-,-,-,-,18,59,208,403,139,167,207,472,2,9,7,46,63,146,13,65,6,32,2,51,50,195,58,484,22,95,139,217
2019,성동구,옥수동,868,393,4189,1949,2240,-,-,-,-,33,174,-,-,-,-,26,125,167,498,70,153,126,437,16,50,5,41,88,298,34,164,8,639,2,52,94,641,50,583,28,75,121,259
2019,광진구,소계,24445,8921,126305,67899,58406,-,-,-,-,1657,6935,3,8,16,242,782,13131,5758,19389,2495,5240,4786,16639,341,3264,221,4117,1345,4073,809,5071,467,9746,36,2678,1209,14184,916,11551,1052,4209,2552,5828
2019,광진구,화양동,2447,870,15023,7686,7337,-,-,-,-,71,217,-,-,-,-,41,318,410,1511,93,340,955,3783,44,213,15,98,133,318,75,700,57,373,2,106,79,3456,68,2578,181,485,223,527
2019,광진구,군자동,1593,565,10021,5224,4797,-,-,-,-,127,460,-,-,-,-,43,215,333,1462,132,597,363,1123,35,173,20,249,79,160,44,524,38,1643,1,23,70,2265,63,595,63,136,182,396
2019,광진구,중곡1동,1588,545,6288,3164,3124,-,-,-,-,252,1208,-,-,1,2,65,390,434,1347,153,296,252,550,15,103,7,50,75,132,43,154,28,589,2,49,36,88,48,965,42,61,135,304
2019,광진구,중곡2동,1674,632,6959,3631,3328,-,-,-,-,167,684,-,-,-,-,70,608,361,1248,182,263,243,662,21,118,18,325,81,124,50,305,39,985,3,56,88,345,72,790,59,108,220,338
2019,광진구,중곡3동,1301,476,4543,2198,2345,-,-,-,-,214,808,-,-,1,3,42,275,264,677,184,326,219,532,6,17,3,28,51,73,12,32,16,247,2,50,27,159,50,886,56,126,154,304
2019,광진구,중곡4동,1524,542,4751,2525,2226,-,-,-,-,187,714,-,-,2,27,53,241,309,824,310,472,216,570,5,17,5,87,52,81,11,38,18,101,3,83,71,727,59,362,58,128,165,279
2019,광진구,능동,802,284,5723,2718,3005,-,-,-,-,34,178,-,-,1,18,27,182,193,1088,73,149,147,488,14,96,16,455,48,101,44,191,17,311,3,79,36,1424,28,258,48,506,73,199
2019,광진구,구의1동,1760,667,6989,3769,3220,-,-,-,-,87,320,1,1,2,19,67,763,353,1020,126,202,402,1125,28,154,18,159,120,223,112,375,31,473,5,545,62,461,55,607,93,169,198,373
2019,광진구,구의2동,1309,465,5912,3227,2685,-,-,-,-,83,448,-,-,1,88,29,996,234,926,276,436,234,666,11,52,10,245,77,126,27,230,16,95,1,24,77,485,62,699,40,111,131,285
2019,광진구,구의3동,2695,927,16544,9530,7014,-,-,-,-,42,245,-,-,2,9,66,1788,1092,3173,121,866,386,1517,52,1074,28,499,149,940,114,856,47,2408,1,26,193,983,91,705,94,336,217,1119
2019,광진구,광장동,1398,516,16114,10261,5853,-,-,-,-,49,242,1,4,3,46,67,5197,340,1524,71,111,210,1865,28,183,29,1457,118,610,68,386,34,714,2,61,135,1624,62,438,45,1362,136,290
2019,광진구,자양1동,1780,688,8987,4555,4432,-,-,-,-,111,461,1,3,1,27,57,764,445,1292,174,245,301,906,33,164,14,147,95,217,71,465,38,856,3,1378,71,299,88,1231,65,140,212,392
2019,광진구,자양2동,1433,488,6095,3386,2709,-,-,-,-,74,360,-,-,2,3,84,553,261,743,238,441,195,585,13,650,8,115,84,343,48,236,29,284,1,27,96,836,55,482,60,130,185,307
2019,광진구,자양3동,1324,573,6185,2780,3405,-,-,-,-,37,132,-,-,-,-,30,177,284,1304,188,279,236,968,13,136,15,153,101,451,35,153,26,533,3,95,126,761,51,510,45,194,134,339
2019,광진구,자양4동,1817,683,6171,3245,2926,-,-,-,-,122,458,-,-,-,-,41,664,445,1250,174,217,427,1299,23,114,15,50,82,174,55,426,33,134,4,76,42,271,64,445,103,217,187,376
2019,동대문구,소계,31324,10456,138400,73067,65333,-,-,2,4,3146,12956,2,3,20,143,735,5797,10599,30950,3523,6520,4845,14420,238,1931,260,4007,1453,4489,633,7325,446,6985,50,3430,1027,16657,1051,15154,762,2344,2532,5285
2019,동대문구,회기동,1034,418,10615,5107,5508,-,-,-,-,24,61,-,-,-,-,13,58,197,558,46,71,436,1373,16,209,11,69,33,70,23,104,15,55,2,39,50,4459,22,3041,59,174,87,274
2019,동대문구,휘경1동,929,355,3558,1628,1930,-,-,-,-,55,208,-,-,1,2,28,180,212,1001,84,127,214,717,13,25,3,18,69,183,16,65,25,169,1,19,38,134,43,340,30,88,97,282
2019,동대문구,휘경2동,1221,292,4930,2345,2585,-,-,-,-,35,169,-,-,1,3,22,130,148,440,600,617,130,317,5,14,3,18,57,145,8,24,13,60,7,242,53,1170,34,1405,26,39,79,137
2019,동대문구,청량리동,1614,587,8267,4363,3904,-,-,-,-,94,239,-,-,2,12,34,244,393,1072,150,209,319,859,12,122,14,227,79,238,80,1495,29,191,4,602,50,781,86,1296,69,236,199,444
2019,동대문구,용신동,5195,1573,28569,14970,13599,-,-,-,-,859,3420,2,3,4,39,139,1241,2018,6650,245,456,684,2043,63,525,82,2119,254,991,153,2341,104,2639,8,1632,95,1120,105,2228,83,452,297,670
2019,동대문구,제기동,4632,1600,13499,7712,5787,-,-,1,1,385,1082,-,-,1,3,53,362,2741,6124,176,331,522,1277,17,61,21,233,145,330,40,1299,29,154,3,98,66,514,156,1070,36,104,240,456
2019,동대문구,전농1동,2262,879,7802,4089,3713,-,-,-,-,128,452,-,-,1,1,72,354,749,2118,219,891,455,1501,9,83,10,67,118,195,32,126,27,314,6,144,74,331,70,628,65,169,227,428
2019,동대문구,전농2동,920,354,4853,2488,2365,-,-,-,-,53,200,-,-,-,-,23,69,167,389,173,176,133,404,9,18,5,29,36,107,27,236,7,12,2,152,88,2471,49,284,34,73,114,233
2019,동대문구,답십리1동,1971,597,8041,4135,3906,-,-,1,3,128,869,-,-,1,2,37,484,607,1604,399,672,198,582,25,63,25,230,109,312,44,224,55,1238,2,66,87,492,75,784,37,104,141,312
2019,동대문구,답십리2동,2187,620,7544,4270,3274,-,-,-,-,170,659,-,-,1,3,56,427,881,2536,307,415,219,624,7,20,11,122,99,494,23,164,21,280,3,31,59,277,93,929,53,130,184,433
2019,동대문구,장안1동,4409,1323,20501,11399,9102,-,-,-,-,712,3321,-,-,4,10,123,1539,1421,5073,440,1209,558,1730,41,713,50,728,200,886,119,705,73,1628,6,249,82,502,107,1164,89,298,384,746
2019,동대문구,장안2동,3071,1155,11503,5334,6169,-,-,-,-,430,2013,-,-,2,20,69,338,754,2584,383,604,532,1732,14,61,15,85,136,261,39,235,22,187,2,61,177,1091,117,1438,119,313,260,480
2019,동대문구,이문1동,1191,448,6425,3919,2506,-,-,-,-,28,87,-,-,1,2,37,153,196,550,127,180,355,1039,6,16,7,53,69,150,25,293,25,55,2,70,59,3082,58,290,51,140,145,265
2019,동대문구,이문2동,688,255,2293,1308,985,-,-,-,-,45,176,-,-,1,46,29,218,115,251,174,562,90,222,1,1,3,9,49,127,4,14,1,3,2,25,49,233,36,257,11,24,78,125
2019,중랑구,소계,28228,9519,103345,53185,50160,-,-,-,-,3423,14695,6,118,21,206,965,6429,5181,15505,6550,12496,4171,11311,142,894,158,1741,1161,3100,386,1726,350,3092,47,3533,915,7925,1031,13013,968,2543,2753,5018
2019,중랑구,면목2동,2062,690,6306,3174,3132,-,-,-,-,463,1923,-,-,1,6,87,378,405,1028,354,591,273,603,14,70,4,17,72,150,23,83,12,75,2,84,54,280,51,632,49,95,198,291
2019,중랑구,면목4동,1172,399,3839,2158,1681,-,-,-,-,187,783,-,-,1,1,56,263,165,400,288,863,142,287,4,10,7,37,47,105,20,68,12,35,6,73,58,394,34,260,27,99,118,161
2019,중랑구,면목5동,830,239,3050,1856,1194,-,-,-,-,207,886,-,-,2,7,42,396,161,563,178,491,85,193,1,1,1,17,27,42,12,30,17,80,2,72,4,38,15,86,17,36,59,112
2019,중랑구,면목7동,1477,554,4335,2034,2301,-,-,-,-,195,810,-,-,1,8,57,194,325,757,233,376,218,575,-,-,8,149,76,171,20,55,11,38,2,25,38,195,66,563,54,129,173,290
2019,중랑구,상봉1동,1171,395,6638,3499,3139,-,-,-,-,76,562,-,-,-,-,32,458,278,941,281,1235,142,685,6,192,12,389,56,232,11,22,19,175,1,28,55,748,54,680,32,86,116,205
2019,중랑구,상봉2동,2159,809,9306,4812,4494,-,-,-,-,226,910,1,1,1,1,60,330,413,2006,178,373,548,1648,21,189,23,302,116,288,47,464,49,678,3,132,32,290,66,840,179,494,196,360
2019,중랑구,중화1동,1089,361,3590,1639,1951,-,-,-,-,121,582,1,29,1,5,49,217,198,564,252,264,90,224,9,40,5,31,54,136,21,59,15,69,2,23,71,531,49,560,18,44,133,212
2019,중랑구,중화2동,2111,773,6771,3810,2961,-,-,-,-,243,916,-,-,4,15,86,522,476,1202,327,501,385,899,13,44,14,119,71,536,39,202,34,473,5,124,22,92,63,398,96,269,233,459
2019,중랑구,묵1동,1555,569,5736,2689,3047,-,-,-,-,77,420,2,83,-,-,48,402,296,999,359,379,255,759,13,116,12,117,91,237,21,108,16,118,2,65,67,685,69,627,50,158,177,463
2019,중랑구,묵2동,1811,536,4688,2457,2231,-,-,-,-,152,611,-,-,-,-,55,296,298,804,607,621,228,542,9,38,6,53,68,137,21,101,20,244,2,51,51,274,56,461,58,125,180,330
2019,중랑구,망우3동,1132,407,3746,1846,1900,-,-,-,-,245,1129,1,4,-,-,47,209,186,523,245,434,123,270,4,9,2,16,35,45,9,26,19,113,1,21,36,333,41,409,22,57,116,148
2019,중랑구,신내1동,2017,622,11518,6629,4889,-,-,-,-,96,365,-,-,3,88,74,1350,297,1141,685,2409,258,825,6,52,12,61,88,249,22,86,23,198,2,402,117,618,92,3076,61,184,181,414
2019,중랑구,신내2동,1120,433,6468,2985,3483,-,-,-,-,15,22,1,1,1,5,33,266,204,606,305,381,127,488,8,30,5,42,45,151,34,111,15,196,7,2156,104,766,78,935,23,92,115,220
2019,중랑구,면목본동,2572,963,7681,3475,4206,-,-,-,-,448,1837,-,-,3,4,101,563,518,1324,375,444,417,973,14,36,12,79,111,171,38,142,26,112,3,81,65,394,100,969,75,142,266,410
2019,중랑구,면목3.8동,2123,766,7671,3852,3819,-,-,-,-,320,1347,-,-,1,13,54,220,367,870,361,806,408,1099,5,11,12,92,89,195,16,57,28,199,3,73,67,1168,68,934,106,231,218,356
2019,중랑구,망우본동,3827,1003,12002,6270,5732,-,-,-,-,352,1592,-,-,2,53,84,365,594,1777,1522,2328,472,1241,15,56,23,220,115,255,32,112,34,289,4,123,74,1119,129,1583,101,302,274,587
2019,성북구,소계,23617,8922,111005,54975,56030,-,-,-,-,2144,7873,4,8,13,171,575,4133,4697,14662,3557,6130,4461,13323,241,1900,144,1576,1203,3827,480,5384,264,5624,51,3308,1368,21947,1045,13249,745,2323,2625,5567
2019,성북구,돈암1동,386,134,2116,1019,1097,-,-,-,-,10,44,-,-,-,-,12,229,61,183,107,128,39,182,-,-,2,6,32,116,2,7,3,161,1,22,37,664,21,221,7,35,52,118
2019,성북구,돈암2동,421,190,2477,831,1646,-,-,-,-,4,12,-,-,-,-,8,27,54,125,103,103,42,110,2,30,5,29,39,176,2,7,2,920,2,68,62,446,27,205,16,62,53,157
2019,성북구,안암동,1431,455,13406,6710,6696,-,-,-,-,78,323,-,-,-,-,33,159,293,1093,93,129,436,1613,37,263,10,76,54,100,58,1040,27,140,1,21,61,4764,45,3132,61,168,144,385
2019,성북구,보문동,1294,424,5461,2796,2665,-,-,-,-,226,651,1,1,1,18,34,410,258,920,272,320,169,452,10,29,10,151,54,102,33,139,17,841,4,82,35,332,37,734,20,39,113,240
2019,성북구,정릉1동,757,293,1976,956,1020,-,-,-,-,54,166,-,-,1,2,26,161,124,322,150,173,108,288,5,7,3,24,44,124,9,16,9,13,2,19,68,159,30,305,25,53,99,144
2019,성북구,정릉2동,904,306,2961,1584,1377,-,-,-,-,33,90,-,-,-,-,17,127,150,509,243,397,136,381,5,17,5,52,56,138,6,11,3,21,2,48,55,336,55,471,33,195,105,168
2019,성북구,정릉3동,717,260,4764,2839,1925,-,-,-,-,28,107,-,-,-,-,14,39,111,303,163,411,161,457,9,25,2,14,31,123,13,230,3,7,2,22,32,2511,23,202,23,62,102,251
2019,성북구,정릉4동,929,331,4131,2385,1746,-,-,-,-,39,117,1,5,1,2,16,88,159,389,226,984,154,366,7,21,4,32,47,108,10,42,5,41,3,65,55,1130,49,425,29,92,124,224
2019,성북구,길음1동,1008,460,3921,1465,2456,-,-,-,-,30,91,-,-,-,-,16,50,195,516,164,200,181,543,2,5,9,83,72,197,9,21,8,202,3,105,104,957,75,633,30,87,110,231
2019,성북구,길음2동,995,429,4816,2013,2803,-,-,-,-,13,55,-,-,-,-,20,68,295,1281,83,115,207,690,10,212,5,12,66,204,17,107,17,385,2,25,62,180,54,986,27,148,117,348
2019,성북구,월곡1동,1361,480,5403,2659,2744,-,-,-,-,159,693,-,-,1,25,30,237,290,820,280,296,158,456,13,157,8,150,57,144,12,494,11,174,2,78,85,592,73,664,35,87,147,336
2019,성북구,월곡2동,1558,587,8951,4413,4538,-,-,-,-,230,925,-,-,1,4,31,143,335,1150,150,213,315,968,9,43,9,75,54,126,45,2095,20,368,2,23,57,1412,66,858,58,186,176,362
2019,성북구,장위1동,911,327,2263,1056,1207,-,-,-,-,159,607,-,-,-,-,18,67,164,333,198,202,125,256,-,-,4,34,40,50,4,11,3,3,1,23,32,221,26,233,22,39,115,184
2019,성북구,장위2동,1106,403,3218,1502,1716,-,-,-,-,245,959,-,-,2,3,27,108,230,478,172,197,160,330,8,20,8,66,53,67,12,28,8,46,2,83,22,206,36,400,14,22,107,205
2019,성북구,장위3동,597,177,2331,1247,1084,-,-,-,-,79,394,-,-,1,25,22,92,90,260,149,483,67,201,-,-,1,7,55,112,5,11,4,13,2,49,30,342,24,219,9,23,59,100
2019,성북구,성북동,1174,501,5315,2595,2720,-,-,-,-,39,154,2,2,-,-,29,237,248,811,78,93,228,855,53,520,8,122,62,116,58,353,27,95,4,66,98,867,58,432,35,133,147,459
2019,성북구,삼선동,1834,743,8921,4394,4527,-,-,-,-,84,271,-,-,2,13,42,137,408,1348,148,163,446,1126,27,109,19,142,80,163,100,351,29,335,6,1782,113,1792,86,696,75,169,169,324
2019,성북구,동선동,2037,838,9961,4329,5632,-,-,-,-,45,173,-,-,-,-,43,525,417,1281,73,216,637,2156,25,351,14,96,111,225,43,170,28,741,1,23,148,2402,88,710,99,302,265,590
2019,성북구,종암동,2034,811,8629,4553,4076,-,-,-,-,323,979,-,-,-,-,48,433,381,996,289,338,329,954,10,62,11,340,92,1208,19,68,19,106,6,634,136,940,95,973,67,216,209,382
2019,성북구,석관동,2163,773,9984,5629,4355,-,-,-,-,266,1062,-,-,3,79,89,796,434,1544,416,969,363,939,9,29,7,65,104,228,23,183,21,1012,3,70,76,1694,77,750,60,205,212,359
2019,강북구,소계,19014,7153,73904,34134,39770,-,-,-,-,1456,5864,3,84,8,338,522,2198,3823,10726,3108,6305,3779,11090,117,759,282,3989,811,1876,314,1241,222,3737,44,3108,683,5911,816,10099,751,2125,2275,4454
2019,강북구,번1동,1895,741,9633,4014,5619,-,-,-,-,93,306,-,-,2,75,50,286,411,1249,176,346,370,1280,18,99,125,1880,95,249,74,333,55,805,4,418,52,348,82,1245,78,334,210,380
2019,강북구,번2동,640,166,3657,2146,1511,-,-,-,-,45,299,-,-,1,165,26,130,97,341,221,711,66,142,4,50,1,7,18,53,5,41,9,172,5,482,8,131,32,664,22,138,80,131
2019,강북구,번3동,869,227,3147,1707,1440,-,-,-,-,50,355,-,-,-,-,13,47,99,370,395,699,87,281,1,5,2,14,29,114,4,22,4,77,2,50,49,251,38,599,23,123,73,140
2019,강북구,수유1동,1473,601,5349,2444,2905,-,-,-,-,131,454,-,-,-,-,32,96,441,1037,199,614,264,583,3,4,13,81,54,113,12,47,12,253,3,65,45,675,58,812,47,177,159,338
2019,강북구,수유2동,1280,482,3797,1744,2053,-,-,-,-,119,462,-,-,-,-,56,239,259,647,219,229,185,485,10,46,5,25,56,121,10,21,12,342,2,45,53,141,58,613,43,80,193,301
2019,강북구,수유3동,2542,1053,9146,4206,4940,-,-,-,-,144,521,1,1,-,-,57,229,538,1473,174,227,733,2305,13,98,50,762,114,252,59,196,32,158,3,1086,28,170,97,696,203,413,296,559
2019,강북구,삼양동,1059,371,3509,1433,2076,-,-,-,-,106,414,-,-,-,-,25,97,179,512,251,393,132,275,1,5,5,27,38,87,7,15,2,244,2,57,58,476,64,565,37,97,152,245
2019,강북구,미아동,1740,685,6824,3076,3748,-,-,-,-,160,609,1,82,1,1,45,265,364,1002,177,204,368,1015,12,49,32,331,91,222,29,101,28,119,5,244,54,1121,76,842,68,121,229,496
2019,강북구,송중동,2117,822,8611,3470,5141,-,-,-,-,151,651,-,-,-,-,51,189,465,1510,254,297,501,1865,22,247,30,689,78,159,38,149,32,549,3,203,79,505,77,877,81,234,255,487
2019,강북구,송천동,2041,747,7973,3616,4357,-,-,-,-,293,1212,1,1,1,31,81,243,390,1278,230,400,396,1024,9,56,8,98,93,202,43,189,19,715,6,259,78,778,82,752,52,135,259,600
2019,강북구,삼각산동,782,337,2247,862,1385,-,-,-,-,13,48,-,-,-,-,16,28,116,263,179,179,129,312,5,11,3,18,55,138,8,13,4,6,2,54,80,506,65,472,25,61,82,138
2019,강북구,우이동,1016,387,4252,2603,1649,-,-,-,-,40,142,-,-,1,62,18,124,171,436,236,1338,314,955,6,13,-,-,36,74,9,34,4,133,2,24,30,227,33,346,31,106,85,238
2019,강북구,인수동,1560,534,5759,2813,2946,-,-,-,-,111,391,-,-,2,4,52,225,293,608,397,668,234,568,13,76,8,57,54,92,16,80,9,164,5,121,69,582,54,1616,41,106,202,401
2019,도봉구,소계,18628,6269,72939,37598,35341,1,1,1,1,945,3794,4,22,8,94,486,3565,3367,10797,5002,9064,2814,8203,81,752,119,1107,808,2760,337,1756,181,2030,38,3892,926,7318,824,11538,618,1778,2068,4467
2019,도봉구,쌍문1동,913,288,3831,1935,1896,-,-,-,-,37,137,-,-,-,-,27,117,136,444,298,531,132,370,8,107,3,21,36,82,7,67,7,11,2,52,47,1111,40,473,23,101,110,207
2019,도봉구,쌍문2동,1280,488,5572,2730,2842,-,-,-,-,70,330,1,3,-,-,41,312,241,847,252,551,203,662,5,19,6,117,51,424,19,52,15,105,2,56,76,444,76,1097,55,154,167,399
2019,도봉구,쌍문3동,966,358,4182,1936,2246,-,-,-,-,56,228,-,-,1,24,33,259,242,725,138,154,167,525,5,334,7,52,53,105,9,47,13,39,2,55,45,174,41,1122,21,53,133,286
2019,도봉구,쌍문4동,611,240,2093,938,1155,-,-,-,-,8,24,-,-,-,-,15,62,78,214,187,188,55,175,2,4,1,3,30,119,3,6,1,15,1,19,102,888,30,174,17,56,81,146
2019,도봉구,방학1동,2350,933,13653,7309,6344,-,-,-,-,120,510,-,-,1,3,72,514,487,1669,349,1089,489,1468,9,35,18,163,115,327,43,503,26,934,8,1903,93,697,110,2783,142,286,268,769
2019,도봉구,방학2동,1219,416,2909,1431,1478,-,-,-,-,130,434,-,-,-,-,38,124,289,658,292,299,161,342,3,8,2,13,26,48,4,9,7,65,1,24,38,226,42,389,27,40,159,230
2019,도봉구,방학3동,898,255,3169,1449,1720,-,-,-,-,17,54,-,-,-,-,20,100,104,328,381,603,94,326,-,-,4,35,43,156,7,21,3,8,2,58,65,469,59,798,23,68,76,145
2019,도봉구,창1동,1538,424,3958,2076,1882,-,-,-,-,27,109,-,-,1,4,33,170,189,569,711,756,182,577,13,122,4,105,64,176,10,36,8,20,2,49,54,492,60,406,38,135,142,232
2019,도봉구,창2동,1410,503,4428,2396,2032,-,-,-,-,172,880,-,-,1,3,32,138,277,847,338,554,177,425,2,6,2,16,59,145,8,39,11,68,2,57,59,262,50,550,42,133,178,305
2019,도봉구,창3동,915,329,2170,1012,1158,-,-,-,-,74,258,1,17,-,-,30,83,194,459,218,219,147,309,1,1,2,13,32,75,7,11,4,15,1,20,26,169,41,328,27,40,110,153
2019,도봉구,창4동,1319,439,7530,3988,3542,-,-,-,-,18,60,-,-,1,9,36,1103,266,1360,238,649,197,677,18,57,41,401,74,238,67,368,27,268,4,543,100,777,65,405,49,322,118,293
2019,도봉구,창5동,2157,540,7359,3642,3717,-,-,1,1,51,219,2,2,-,-,28,199,265,984,917,1187,271,1020,5,22,10,66,86,234,27,117,19,85,3,188,134,828,89,1398,63,174,186,635
2019,도봉구,도봉1동,1626,579,5766,3373,2393,1,1,-,-,120,442,-,-,2,48,49,256,359,962,299,1372,336,829,6,19,8,38,62,115,18,72,11,37,4,101,34,414,56,595,60,123,201,342
2019,도봉구,도봉2동,1426,477,6319,3383,2936,-,-,-,-,45,109,-,-,1,3,32,128,240,731,384,912,203,498,4,18,11,64,77,516,108,408,29,360,4,767,53,367,65,1020,31,93,139,325
2019,노원구,소계,26618,9576,116684,54993,61691,1,1,-,-,797,3533,8,288,19,234,552,2508,4965,15458,6564,11955,4278,14520,167,1082,230,3788,1228,4465,454,2771,291,4375,39,3533,1936,20143,1445,19452,987,3200,2657,5378
2019,노원구,월계1동,1466,521,6721,3998,2723,-,-,-,-,77,352,3,3,2,3,34,173,247,608,253,924,349,968,10,31,4,34,70,445,23,194,17,38,1,20,65,1473,69,889,87,223,155,343
2019,노원구,월계2동,930,237,3255,1684,1571,-,-,-,-,26,160,-,-,-,-,17,55,104,281,464,564,82,204,8,14,1,3,34,136,5,56,6,40,2,55,56,1147,39,361,10,59,76,120
2019,노원구,월계3동,996,323,4143,2192,1951,-,-,-,-,8,27,-,-,1,11,8,48,163,933,419,1074,94,331,8,32,3,33,50,225,15,105,8,47,2,86,54,421,67,573,17,49,79,148
2019,노원구,공릉2동,1955,650,11629,5849,5780,1,1,-,-,68,493,-,-,-,-,26,116,259,722,511,867,379,1264,29,124,9,63,99,352,42,555,18,222,2,29,156,4112,78,1877,93,477,185,355
2019,노원구,하계1동,1088,412,7931,3841,4090,-,-,-,-,51,397,-,-,-,-,29,173,283,1061,161,616,188,753,4,12,6,40,49,232,19,172,17,291,3,602,80,1206,49,1808,30,232,119,336
2019,노원구,하계2동,414,130,1220,476,744,-,-,-,-,6,13,-,-,-,-,11,24,38,112,184,195,35,91,1,1,2,13,25,84,3,6,1,1,1,22,36,381,25,187,5,14,41,76
2019,노원구,중계본동,1205,471,5602,2620,2982,-,-,-,-,40,188,-,-,-,-,19,29,161,494,201,302,189,591,3,261,5,32,58,236,16,39,10,660,1,29,259,1810,51,437,69,275,123,219
2019,노원구,중계1동,1050,441,4205,1881,2324,-,-,-,-,6,13,-,-,-,-,14,51,175,580,170,171,142,562,1,4,5,55,69,236,9,17,8,19,2,70,255,1732,48,260,43,205,103,230
2019,노원구,중계4동,1059,430,3923,1649,2274,-,-,-,-,13,35,-,-,-,-,18,87,191,578,218,269,237,725,1,1,5,49,49,172,9,15,11,37,1,24,72,774,61,786,70,167,103,204
2019,노원구,상계1동,3183,727,9518,5157,4361,-,-,-,-,61,210,-,-,6,30,56,380,363,1418,1616,2116,357,1230,11,65,8,45,107,287,45,277,27,627,3,89,113,710,102,1394,84,164,224,476
2019,노원구,상계2동,2668,1195,10536,4320,6216,-,-,-,-,76,253,-,-,3,20,47,229,867,2528,174,436,663,2666,9,63,12,169,112,319,27,137,35,275,2,64,106,677,109,1573,144,392,282,735
2019,노원구,상계5동,1567,625,4936,2316,2620,-,-,-,-,105,425,-,-,2,2,60,190,329,765,210,312,241,528,10,27,11,48,67,166,32,108,35,575,1,24,91,272,80,1011,62,122,231,361
2019,노원구,상계8동,484,227,1697,582,1115,-,-,-,-,5,10,-,-,-,-,10,25,76,178,94,95,62,156,1,2,4,40,25,108,2,4,1,1,1,16,65,533,72,402,20,50,46,77
2019,노원구,상계9동,698,261,2520,1060,1460,-,-,-,-,6,11,-,-,-,-,10,16,106,355,254,263,62,217,-,-,5,52,32,153,3,5,2,5,2,63,83,859,60,390,13,39,60,92
2019,노원구,상계10동,515,154,2188,1260,928,-,-,-,-,2,4,-,-,1,27,8,20,66,164,207,770,32,97,4,21,6,63,19,118,12,29,10,23,2,86,47,409,29,206,18,56,52,95
2019,노원구,상계3.4동,1196,429,3787,2216,1571,-,-,-,-,55,224,-,-,-,-,28,100,198,485,329,1252,180,354,6,20,2,7,56,101,12,26,8,53,3,101,55,255,59,468,41,76,164,265
2019,노원구,상계6.7동,1921,738,15772,5810,9962,-,-,-,-,23,45,5,285,1,67,34,146,283,1132,280,327,317,1555,12,60,113,2761,133,562,48,197,19,205,5,1939,170,1700,227,4174,67,211,184,406
2019,노원구,중계2.3동,1382,597,5153,2081,3072,-,-,-,-,26,100,-,-,-,-,13,25,466,1291,329,345,168,715,5,93,6,35,44,224,14,33,9,69,2,97,67,889,87,832,23,170,123,235
2019,노원구,공릉1동,2841,1008,11948,6001,5947,-,-,-,-,143,573,-,-,3,74,110,621,590,1773,490,1057,501,1513,44,251,23,246,130,309,118,796,49,1187,3,117,106,783,133,1824,91,219,307,605
2019,은평구,소계,24681,9535,93631,43830,49801,-,-,-,-,868,2964,4,162,14,240,611,4405,4815,15220,5172,8809,4331,12965,147,1223,153,2027,1492,3342,379,1894,224,1597,52,3812,1435,10374,1198,16423,842,2515,2944,5659
2019,은평구,녹번동,1962,694,9531,4653,4878,-,-,-,-,83,292,2,95,2,38,64,499,294,1687,431,464,271,833,41,154,8,56,121,293,88,354,32,270,7,1517,112,716,86,1494,65,202,255,567
2019,은평구,불광1동,1627,694,7034,2592,4442,-,-,-,-,42,125,-,-,-,-,31,101,285,926,274,306,310,925,1,3,35,916,125,336,21,404,16,173,3,547,98,544,111,1050,62,197,213,481
2019,은평구,갈현1동,1498,576,4881,2198,2683,-,-,-,-,55,142,-,-,-,-,31,116,261,755,187,215,392,1195,7,19,16,236,85,194,20,194,11,26,3,36,71,270,78,941,97,175,184,367
2019,은평구,갈현2동,1579,640,5985,2472,3513,-,-,-,-,60,153,-,-,-,-,34,169,331,1060,229,237,350,1056,3,14,5,50,69,114,14,86,10,19,2,88,149,1355,57,1045,76,176,190,363
2019,은평구,구산동,1216,410,5509,2544,2965,-,-,-,-,47,244,-,-,-,-,21,92,171,441,404,930,134,368,3,5,2,10,61,130,14,33,5,166,2,33,91,947,74,1695,21,123,166,292
2019,은평구,대조동,2430,1156,7864,3357,4507,-,-,-,-,69,193,-,-,-,-,43,270,761,2077,219,249,540,1625,17,153,13,173,156,284,25,67,26,99,4,340,92,554,139,1157,74,198,252,425
2019,은평구,응암1동,1661,673,7831,3748,4083,-,-,-,-,68,296,1,58,1,13,64,1023,362,1452,220,234,266,899,13,245,13,99,136,292,58,228,22,220,3,215,91,641,100,1401,57,150,186,365
2019,은평구,응암2동,707,300,2102,886,1216,-,-,-,-,31,69,-,-,-,-,11,27,99,237,162,174,104,246,4,17,4,52,68,114,7,12,6,20,2,57,55,255,38,612,22,42,94,168
2019,은평구,신사1동,1347,491,4066,2093,1973,-,-,-,-,57,221,-,-,1,1,42,400,248,608,328,419,177,506,9,93,6,40,80,172,19,50,15,91,2,25,67,388,67,679,56,113,173,260
2019,은평구,신사2동,1704,285,3716,2345,1371,-,-,-,-,28,82,-,-,1,36,27,131,134,435,1127,1374,91,206,7,22,1,5,45,99,6,16,9,52,2,78,68,580,39,401,11,39,108,160
2019,은평구,증산동,945,361,3619,2169,1450,-,-,-,-,44,173,-,-,1,13,42,358,191,560,209,857,148,363,8,159,3,37,64,124,9,31,14,97,2,29,40,291,42,270,31,90,97,167
2019,은평구,수색동,514,171,2264,1483,781,-,-,-,-,31,65,1,9,2,44,8,34,124,432,101,788,92,234,1,5,4,36,56,127,2,18,6,38,3,52,13,95,19,165,9,15,42,107
2019,은평구,진관동,1894,811,12366,5292,7074,-,-,-,-,29,138,-,-,2,62,20,79,390,1494,277,1438,382,1816,7,252,12,97,161,593,26,196,14,45,7,306,192,1869,116,2893,60,586,199,502
2019,은평구,불광2동,1295,549,3943,1860,2083,-,-,-,-,44,126,-,-,1,1,31,111,307,762,249,256,220,527,6,25,12,64,66,135,15,48,6,15,4,366,67,668,50,443,26,49,191,347
2019,은평구,응암3동,1768,754,5142,2408,2734,-,-,-,-,73,241,-,-,-,-,38,372,406,906,237,257,432,1078,1,3,7,66,69,125,15,34,13,45,2,29,74,614,82,780,88,171,231,421
2019,은평구,역촌동,2534,970,7778,3730,4048,-,-,-,-,107,404,-,-,3,32,104,623,451,1388,518,611,422,1088,19,54,12,90,130,210,40,123,19,221,4,94,155,587,100,1397,87,189,363,667
2019,서대문구,소계,20095,7500,113819,55966,57853,1,1,-,-,666,2537,4,54,12,561,510,4044,4127,13468,2981,5480,4321,14232,476,3355,184,5512,1071,2746,655,6567,424,6528,43,5155,1116,20503,778,16484,585,1824,2141,4768
2019,서대문구,천연동,915,395,3069,1488,1581,-,-,-,-,50,130,-,-,-,-,20,108,212,476,76,99,193,467,20,240,6,32,49,113,16,39,15,65,3,110,67,556,55,386,24,100,109,148
2019,서대문구,홍제1동,1154,458,4827,2514,2313,-,-,-,-,35,161,-,-,-,-,42,839,233,704,167,253,195,550,19,34,5,114,74,223,31,73,22,43,2,47,87,940,68,539,32,71,142,236
2019,서대문구,홍제3동,1157,478,3687,1543,2144,-,-,-,-,45,147,-,-,-,-,30,72,315,658,144,157,225,557,10,72,7,70,44,103,20,43,7,180,1,19,71,457,70,857,36,62,132,233
2019,서대문구,홍제2동,594,263,1699,826,873,-,-,-,-,20,90,-,-,1,138,13,30,103,259,73,73,88,245,9,29,3,13,52,122,25,90,2,5,1,17,57,146,29,195,27,82,91,165
2019,서대문구,홍은1동,999,382,2658,1217,1441,-,-,-,-,35,92,1,49,1,2,31,67,231,511,185,258,142,346,21,78,4,20,51,97,22,56,10,31,3,78,65,271,35,420,22,78,140,204
2019,서대문구,홍은2동,1219,402,5414,2843,2571,-,-,-,-,36,158,-,-,1,19,39,136,214,538,264,625,237,908,25,115,4,27,51,97,26,55,16,51,2,53,90,1588,48,642,46,126,120,276
2019,서대문구,남가좌1동,691,307,2204,792,1412,-,-,-,-,21,76,-,-,-,-,6,24,188,493,82,91,157,414,8,13,6,56,36,97,15,35,14,36,1,18,35,225,50,487,19,48,53,91
2019,서대문구,남가좌2동,1310,530,5271,2559,2712,-,-,-,-,45,150,-,-,3,86,38,134,270,650,201,210,277,761,21,63,8,59,75,134,15,31,15,102,2,57,90,1978,62,464,48,131,140,261
2019,서대문구,북가좌1동,681,225,3173,1966,1207,-,-,-,-,15,65,-,-,-,-,24,125,121,369,194,1040,66,172,17,58,7,35,47,203,9,21,6,14,1,19,58,519,40,322,11,59,65,152
2019,서대문구,북가좌2동,2443,646,6752,3795,2957,-,-,-,-,86,308,-,-,3,17,83,514,307,688,1051,1465,258,621,27,137,10,77,103,251,31,62,23,1060,4,97,116,332,72,660,53,104,216,359
2019,서대문구,충현동,1817,600,24246,13980,10266,-,-,-,-,53,280,-,-,2,276,47,1180,340,2843,133,452,428,1315,90,1304,70,4578,90,393,106,2573,105,3196,8,2900,63,1660,49,427,37,88,196,781
2019,서대문구,북아현동,862,348,2420,1119,1301,-,-,-,-,89,293,-,-,-,-,17,47,219,464,82,85,116,280,13,16,5,44,94,174,18,60,27,47,3,81,31,308,43,293,17,61,88,167
2019,서대문구,신촌동,3901,1563,37647,15776,21871,-,-,-,-,54,224,1,2,-,-,31,138,812,2867,74,204,1465,6061,135,896,38,276,175,489,167,2956,115,1414,6,308,189,10292,86,9739,158,554,395,1227
2019,서대문구,연희동,2352,903,10752,5548,5204,1,1,-,-,82,363,2,3,1,23,89,630,562,1948,255,468,474,1535,61,300,11,111,130,250,154,473,47,284,6,1351,97,1231,71,1053,55,260,254,468
2019,마포구,소계,37290,12919,247276,132558,114718,-,-,-,-,1226,5218,11,485,30,361,977,13648,7709,34878,2914,10892,8616,29425,2302,36841,495,10060,2073,5976,2572,20235,1049,33887,57,4909,1842,15202,1227,10843,1074,4607,3116,9809
2019,마포구,용강동,2566,803,18813,10218,8595,-,-,-,-,65,204,2,89,2,15,70,964,627,3880,200,1161,380,1500,189,1054,45,651,161,650,220,1248,138,4935,5,306,130,786,62,421,68,178,202,771
2019,마포구,대흥동,1571,570,10097,4963,5134,-,-,-,-,56,173,-,-,-,-,21,81,265,1046,70,141,383,1125,46,374,37,626,144,330,70,483,42,975,2,27,133,2992,94,652,47,457,161,615
2019,마포구,염리동,726,282,4383,2288,2095,-,-,-,-,24,93,-,-,1,2,14,54,129,557,52,508,183,605,26,524,10,131,52,135,26,120,22,633,2,33,60,605,24,174,17,41,84,168
2019,마포구,신수동,1209,393,5549,2873,2676,-,-,-,-,53,236,-,-,2,3,46,399,276,942,133,505,175,484,83,279,7,87,92,182,89,361,32,296,3,378,63,541,36,571,22,73,97,212
2019,마포구,서교동,9552,3210,57173,27784,29389,-,-,-,-,188,1076,3,12,3,74,171,2347,2095,10201,275,1727,2658,10133,716,6464,135,2716,474,1226,816,5220,282,7834,7,179,400,2521,226,1759,380,1417,723,2267
2019,마포구,합정동,2397,848,11154,5723,5431,-,-,-,-,74,265,-,-,3,48,110,1192,479,1697,151,582,557,1842,212,863,31,850,113,228,228,1339,55,644,1,21,84,410,57,586,59,136,183,451
2019,마포구,망원1동,1899,613,5293,2840,2453,-,-,-,-,82,250,-,-,1,2,37,322,360,999,460,594,429,1162,37,194,11,87,81,132,61,221,18,120,3,94,47,132,73,575,58,176,141,233
2019,마포구,망원2동,1348,540,4505,2412,2093,-,-,-,-,68,187,-,-,1,4,73,405,262,808,188,514,243,632,40,231,7,25,73,157,49,157,23,179,2,21,85,381,43,296,41,133,150,375
2019,마포구,연남동,1915,735,6911,3739,3172,-,-,-,-,49,186,-,-,-,-,47,485,332,1132,94,197,784,2091,97,550,3,20,74,127,127,608,41,568,2,61,60,379,28,188,37,73,140,246
2019,마포구,성산1동,1534,473,11155,7827,3328,-,-,-,-,53,239,-,-,3,90,93,2865,331,1327,160,435,225,691,118,659,10,51,63,92,135,1117,45,2085,2,23,72,639,40,317,43,159,141,366
2019,마포구,성산2동,1757,649,11682,5743,5939,-,-,-,-,32,98,-,-,3,14,59,570,469,1415,301,537,259,683,25,96,6,40,100,230,45,224,19,3383,5,1387,126,843,83,993,36,481,189,688
2019,마포구,상암동,2531,874,41880,24473,17407,-,-,-,-,37,452,2,96,4,87,46,421,350,4490,215,1841,696,2694,370,20993,27,733,135,787,134,3092,52,1290,7,733,141,1367,106,1062,70,656,139,1086
2019,마포구,도화동,2082,697,16774,9047,7727,-,-,-,-,41,364,1,1,1,4,58,701,443,1871,172,1045,401,1796,109,1578,61,836,113,613,149,1645,81,3988,3,190,107,527,101,882,57,150,184,583
2019,마포구,서강동,1828,653,12774,6858,5916,-,-,-,-,44,150,3,287,2,4,39,751,341,1537,104,342,537,1715,82,664,12,226,120,228,112,600,32,2974,2,71,130,2045,47,566,52,202,169,412
2019,마포구,공덕동,2756,981,18197,9899,8298,-,-,-,-,288,1029,-,-,3,12,66,1795,547,1921,231,421,471,1442,83,1536,55,1692,163,532,206,1477,86,2855,7,843,115,520,113,1173,57,161,265,788
2019,마포구,아현동,1619,598,10936,5871,5065,-,-,-,-,72,216,-,-,1,2,27,296,403,1055,108,342,235,830,69,782,38,1289,115,327,105,2323,81,1128,4,542,89,514,94,628,30,114,148,548
2019,양천구,소계,25894,9745,121582,63099,58483,-,-,-,-,1075,4524,2,268,21,469,809,8832,5087,17160,5017,12291,3618,12352,261,4869,205,2252,1334,3730,705,3207,330,4751,49,6768,2385,15334,1224,15435,981,3313,2791,6027
2019,양천구,목1동,2872,1196,21666,10760,10906,-,-,-,-,37,106,-,-,3,18,51,841,890,4083,95,255,555,3178,112,3896,66,897,127,497,114,702,61,1374,4,430,277,2442,139,1424,107,490,234,1033
2019,양천구,목2동,1196,476,4523,2369,2154,-,-,-,-,23,75,-,-,-,-,57,506,248,958,186,242,182,577,21,125,6,71,83,242,31,86,15,125,1,24,82,344,57,507,53,200,151,441
2019,양천구,목3동,1282,566,4740,2198,2542,-,-,-,-,39,123,-,-,1,11,43,292,292,977,163,195,210,623,12,35,8,89,66,163,33,191,22,615,2,73,66,271,91,582,60,153,174,347
2019,양천구,목4동,1347,597,3945,1819,2126,-,-,-,-,58,139,-,-,3,66,41,175,285,765,160,192,252,660,5,29,5,54,61,103,13,30,7,46,1,19,117,645,74,506,57,156,208,360
2019,양천구,신월1동,1765,674,5183,2828,2355,-,-,-,-,196,811,-,-,1,35,72,465,438,1145,327,634,266,572,2,6,4,35,58,103,14,30,14,66,2,65,42,198,66,607,60,111,203,300
2019,양천구,신월2동,1175,379,3943,2104,1839,-,-,-,-,95,401,-,-,2,13,60,451,217,636,347,536,100,270,5,22,3,24,66,130,12,38,16,95,1,24,62,496,56,558,25,59,108,190
2019,양천구,신월3동,958,297,4019,2356,1663,-,-,-,-,72,466,-,-,-,-,42,234,229,646,274,901,106,263,3,8,10,37,17,28,7,89,8,15,2,76,29,600,42,411,26,93,91,152
2019,양천구,신월4동,1166,388,4255,2441,1814,-,-,-,-,45,221,-,-,1,7,39,345,178,502,354,1038,173,441,2,12,7,50,54,139,10,32,16,104,1,19,67,323,53,738,31,66,135,218
2019,양천구,신월5동,994,353,4849,2881,1968,-,-,-,-,93,412,-,-,-,-,49,478,201,639,192,352,150,382,1,1,1,8,29,37,12,90,16,725,4,632,47,387,34,406,42,86,123,214
2019,양천구,신월6동,1336,178,3129,2218,911,-,-,-,-,21,86,-,-,2,40,18,162,100,337,959,1474,56,174,2,26,3,33,45,81,5,26,7,47,1,19,13,228,32,232,23,49,49,115
2019,양천구,신월7동,1324,453,5406,3493,1913,-,-,-,-,104,411,-,-,2,25,45,254,231,630,381,1258,156,338,4,5,2,23,50,105,13,43,12,32,4,996,52,293,55,592,50,175,163,226
2019,양천구,신정1동,1175,569,5322,2467,2855,-,-,-,-,40,118,-,-,-,-,35,206,202,736,51,54,235,712,10,31,7,58,78,274,69,263,16,119,4,973,147,679,68,611,57,162,156,326
2019,양천구,신정2동,1091,473,3806,1703,2103,-,-,-,-,31,85,-,-,-,-,35,137,204,591,100,119,158,554,3,6,4,50,72,218,35,122,12,26,1,20,181,1100,49,373,63,137,143,268
2019,양천구,신정3동,1814,560,9284,5308,3976,-,-,-,-,40,339,-,-,-,-,34,815,208,790,742,2569,154,496,15,153,7,106,105,338,24,114,19,194,4,123,138,1222,105,1468,62,205,157,352
2019,양천구,신정6동,714,325,6916,3189,3727,-,-,-,-,8,77,1,85,1,160,18,178,100,291,52,54,68,309,2,2,9,118,65,247,40,140,3,96,7,3026,218,1235,26,410,27,332,69,156
2019,양천구,신정7동,1030,396,4457,2348,2109,-,-,-,-,23,66,-,-,1,2,17,75,154,519,233,1037,134,415,4,7,6,54,56,171,14,55,9,64,5,81,135,1007,64,418,52,205,123,281
2019,양천구,목5동,1565,727,10700,4262,6438,-,-,-,-,17,43,1,183,2,66,38,502,242,795,51,57,181,822,19,351,15,225,131,492,25,242,13,198,3,90,551,2806,68,3187,55,289,153,352
2019,양천구,신정4동,3090,1138,15439,8355,7084,-,-,-,-,133,545,-,-,2,26,115,2716,668,2120,350,1324,482,1566,39,154,42,320,171,362,234,914,64,810,2,78,161,1058,145,2405,131,345,351,696
2019,강서구,소계,39458,13619,257494,142209,115285,1,29,1,1,1275,7317,10,515,45,696,1258,15605,9209,37437,7280,50974,6106,22192,906,11620,362,4682,2154,8781,1393,25339,765,17798,58,3971,1870,14191,1646,22593,1266,4083,3853,9670
2019,강서구,염창동,2170,744,17152,10246,6906,-,-,-,-,95,629,1,361,4,21,107,2335,472,2522,298,1443,264,1085,85,1947,23,223,173,541,66,1007,33,1635,2,65,169,995,89,1429,84,255,205,659
2019,강서구,등촌1동,1812,630,15763,9156,6607,-,-,1,1,68,651,-,-,1,5,67,1287,454,2068,212,2755,310,1173,69,890,14,212,124,353,83,2369,36,840,4,421,57,395,75,1073,54,193,183,1077
2019,강서구,등촌2동,737,255,3541,1770,1771,-,-,-,-,33,193,-,-,-,-,23,129,141,811,156,313,107,296,9,62,3,35,42,101,12,40,11,82,4,128,50,652,30,327,23,94,93,278
2019,강서구,등촌3동,2533,957,19252,8839,10413,-,-,-,-,50,335,-,-,1,15,70,811,774,3255,345,864,347,1683,51,701,27,554,138,555,81,453,61,4125,2,106,165,1625,129,3102,79,320,213,748
2019,강서구,화곡본동,1389,539,4179,1763,2416,-,-,-,-,41,127,1,1,1,2,28,159,273,723,295,302,263,658,6,23,6,67,68,137,18,54,15,77,3,126,79,429,87,956,44,93,161,245
2019,강서구,화곡2동,855,301,2732,1405,1327,-,-,-,-,33,123,-,-,-,-,22,116,292,1046,185,196,70,167,3,8,2,4,30,47,3,4,6,60,1,21,55,272,31,453,23,56,99,159
2019,강서구,화곡3동,1222,521,4170,1790,2380,-,-,-,-,37,120,-,-,-,-,38,268,207,602,176,188,253,836,3,10,9,88,64,186,29,85,16,62,2,48,95,339,65,726,65,206,163,406
2019,강서구,화곡4동,1469,560,3988,1955,2033,-,-,-,-,73,227,-,-,2,18,45,198,403,1038,225,315,256,627,9,16,5,49,55,91,22,51,10,28,2,75,56,427,53,424,66,113,187,291
2019,강서구,화곡6동,1749,657,10847,6098,4749,-,-,-,-,52,279,-,-,3,22,57,884,297,1127,211,971,457,1513,23,106,26,439,100,281,88,463,29,904,4,1207,59,993,70,957,95,309,178,392
2019,강서구,화곡8동,1275,527,4167,1733,2434,-,-,-,-,35,85,-,-,1,1,20,63,315,858,224,274,221,605,9,126,6,54,80,143,14,77,14,174,1,26,43,154,71,1151,39,101,182,275
2019,강서구,가양1동,5790,1774,56353,36977,19376,-,-,-,-,166,1663,4,38,7,324,214,2758,1378,7804,482,3988,1051,4461,386,5511,132,1686,392,3666,537,18126,217,2317,1,24,135,868,136,1253,145,726,407,1140
2019,강서구,가양2동,633,207,3383,1737,1646,-,-,-,-,12,111,1,3,-,-,9,62,147,511,111,133,68,220,12,33,9,60,42,187,23,92,17,407,2,63,16,249,63,880,19,93,82,279
2019,강서구,가양3동,904,190,7374,4533,2841,-,-,-,-,59,669,-,-,1,3,28,912,222,1735,253,796,47,186,49,508,1,1,41,160,56,627,18,278,3,519,37,383,29,384,6,45,54,168
2019,강서구,발산1동,3375,1062,19865,10650,9215,-,-,-,-,93,368,-,-,8,99,91,1382,1172,5020,449,2036,346,1521,106,834,39,582,175,513,152,698,79,634,4,193,221,2016,148,3047,61,276,231,646
2019,강서구,공항동,2040,696,36149,17930,18219,1,29,-,-,64,415,-,-,3,30,80,677,482,1424,462,27048,340,1367,18,102,11,116,83,260,33,131,44,1829,9,514,70,629,70,919,67,210,203,449
2019,강서구,방화1동,2621,975,11003,5229,5774,-,-,-,-,75,305,-,-,1,4,72,465,528,1489,542,1436,365,1079,14,116,12,177,148,472,63,237,46,1191,1,33,189,1311,146,1737,101,298,318,653
2019,강서구,방화2동,3279,868,14018,8510,5508,-,-,-,-,62,236,-,-,5,91,85,994,673,2300,1590,5760,330,1576,13,163,8,60,82,204,21,173,27,706,6,194,46,284,60,746,62,147,209,384
2019,강서구,방화3동,893,263,4698,2571,2127,-,-,-,-,14,50,1,5,5,58,23,128,136,408,322,1170,97,316,14,47,7,79,51,254,22,371,13,521,3,94,42,540,36,369,13,56,94,232
2019,강서구,화곡1동,3048,1182,10879,5847,5032,-,-,-,-,178,581,1,1,1,1,124,1241,566,1617,465,652,695,2114,18,379,11,83,150,336,41,120,42,977,3,86,79,511,139,1257,153,280,382,643
2019,강서구,우장산동,1664,711,7981,3470,4511,-,-,-,-,35,150,1,106,1,2,55,736,277,1079,277,334,219,709,9,38,11,113,116,294,29,161,31,951,1,28,207,1119,119,1403,67,212,209,546
2019,구로구,소계,38756,11511,225668,128722,96946,1,20,1,1,3609,18469,9,129,23,446,1061,13365,11694,39383,4907,9242,4726,15112,2165,30396,523,8459,1541,4573,1642,15569,744,28314,45,3932,1275,11778,1152,15997,972,2943,2666,7540
2019,구로구,신도림동,2784,908,15121,7402,7719,-,-,-,-,693,2132,-,-,2,13,54,636,677,2820,188,313,311,1876,62,372,57,1090,114,450,84,742,44,1861,4,55,157,1289,107,765,62,246,168,461
2019,구로구,구로1동,728,273,3603,1872,1731,-,-,-,-,36,183,-,-,1,2,19,564,108,325,185,383,82,245,11,21,2,19,49,194,11,32,14,592,2,31,58,439,43,267,29,101,78,205
2019,구로구,구로3동,7883,1808,92379,56470,35909,1,20,1,1,790,8998,7,34,6,150,176,4380,1700,10187,179,926,816,3710,1746,27987,193,2680,417,1379,925,11107,253,14570,5,328,191,2648,102,1130,131,556,244,1588
2019,구로구,구로4동,2133,992,6044,2684,3360,-,-,-,-,66,153,-,-,3,125,35,185,603,1358,170,271,453,1019,33,110,40,168,89,234,76,270,77,222,3,88,63,345,104,986,94,169,224,341
2019,구로구,구로5동,4477,1129,26529,14901,11628,-,-,-,-,124,508,-,-,1,2,140,2975,1097,3323,1361,2364,523,1585,144,924,99,3621,169,505,169,1869,89,4422,4,117,99,687,106,2252,111,367,241,1008
2019,구로구,고척1동,2541,725,10116,5766,4350,-,-,-,-,571,1430,2,95,2,7,147,888,726,1844,257,440,295,985,14,35,10,176,67,217,28,118,22,554,3,203,71,970,75,1380,88,442,163,332
2019,구로구,고척2동,1460,557,4177,2012,2165,-,-,-,-,93,295,-,-,-,-,50,294,344,787,289,340,199,490,5,8,5,39,63,156,7,29,15,49,3,96,86,543,71,624,44,146,186,281
2019,구로구,개봉2동,1212,453,3361,1504,1857,-,-,-,-,33,92,-,-,2,44,38,258,185,472,309,313,166,481,9,21,8,67,68,158,8,13,6,29,1,42,89,291,79,709,40,98,171,273
2019,구로구,개봉3동,1020,387,7391,4105,3286,-,-,-,-,54,203,-,-,-,-,36,251,186,673,230,261,155,325,2,24,5,36,49,92,12,33,11,4336,2,29,63,469,41,350,28,74,146,235
2019,구로구,오류1동,1187,463,4795,2314,2481,-,-,-,-,23,124,-,-,-,-,35,453,271,693,187,247,219,642,15,73,12,93,64,241,30,107,28,701,2,59,48,249,73,744,50,100,130,269
2019,구로구,오류2동,1729,596,9157,5208,3949,-,-,-,-,54,298,-,-,1,12,36,343,296,1084,506,1411,212,632,11,385,11,55,98,285,30,116,25,226,4,927,144,1705,100,951,39,113,162,614
2019,구로구,수궁동,1258,370,6199,3773,2426,-,-,-,-,152,1196,-,-,2,9,43,372,209,790,324,811,151,345,10,38,7,38,47,109,20,124,7,22,4,191,64,1184,49,568,43,89,126,313
2019,구로구,가리봉동,993,451,3179,1252,1927,-,-,-,-,44,123,-,-,-,-,21,138,238,518,72,79,266,519,8,34,19,62,28,54,27,49,33,104,2,58,17,119,27,920,78,146,113,256
2019,구로구,구로2동,7653,1742,28133,16911,11222,-,-,-,-,793,2446,-,-,2,47,172,1328,4682,13438,321,578,586,1506,90,345,49,256,148,360,192,828,97,521,4,1682,50,386,104,3359,83,174,280,879
2019,구로구,개봉1동,1698,657,5484,2548,2936,-,-,-,-,83,288,-,-,1,35,59,300,372,1071,329,505,292,752,5,19,6,59,71,139,23,132,23,105,2,26,75,454,71,992,52,122,234,485
2019,금천구,소계,33814,9359,242686,150589,92097,-,-,-,-,5401,40538,11,89,28,286,1141,16576,9264,41416,2903,8999,3435,10808,2902,39393,257,2437,1218,3401,2482,31136,738,23836,34,2379,732,6310,713,7989,599,1584,1956,5509
2019,금천구,가산동,16661,3716,170886,110573,60313,-,-,-,-,2922,28075,6,10,6,49,466,12051,4602,27453,546,3638,1217,4866,2753,38636,170,1627,611,1975,2072,27911,496,18782,7,135,204,2190,113,1091,127,454,343,1943
2019,금천구,독산1동,4037,1247,25241,15084,10157,-,-,-,-,939,7517,2,76,4,81,105,1173,984,4562,415,1894,460,1538,85,567,25,324,182,557,151,2094,69,751,4,90,108,854,114,1715,94,269,296,1179
2019,금천구,독산2동,1154,438,3514,1832,1682,-,-,-,-,125,389,-,-,-,-,48,431,227,644,216,356,180,422,2,11,3,21,37,58,15,98,8,34,1,23,46,309,60,411,33,80,153,227
2019,금천구,독산3동,2087,775,6500,3162,3338,-,-,-,-,306,1038,2,2,1,3,63,259,470,1141,262,406,338,726,9,25,21,146,82,168,83,335,22,284,5,169,43,510,65,751,74,146,241,391
2019,금천구,독산4동,994,390,3130,1542,1588,-,-,-,-,136,527,-,-,3,64,36,132,178,479,145,155,211,604,4,21,4,44,31,50,7,22,13,40,2,85,28,140,37,413,48,141,111,213
2019,금천구,시흥1동,3078,1232,15728,7752,7976,-,-,-,-,267,1185,-,-,5,38,101,717,737,2062,325,438,603,1668,17,70,15,166,126,283,56,377,47,2974,9,1732,120,632,162,2253,132,296,356,837
2019,금천구,시흥2동,651,207,2009,815,1194,-,-,-,-,15,35,-,-,-,-,9,16,85,196,264,266,39,94,9,15,3,10,34,98,4,5,15,40,1,21,72,798,40,313,7,22,54,80
2019,금천구,시흥3동,3167,578,10083,7086,2997,-,-,-,-,562,1360,1,1,8,41,258,1607,1625,4104,226,707,117,263,18,38,9,54,45,81,79,259,58,883,1,19,26,356,17,91,21,27,96,192
2019,금천구,시흥4동,853,298,2034,890,1144,-,-,-,-,55,179,-,-,1,10,23,76,136,289,279,295,89,178,2,2,2,17,30,41,6,15,1,1,2,24,37,303,42,353,19,48,129,203
2019,금천구,시흥5동,1132,478,3561,1853,1708,-,-,-,-,74,233,-,-,-,-,32,114,220,486,225,844,181,449,3,8,5,28,40,90,9,20,9,47,2,81,48,218,63,598,44,101,177,244
2019,영등포구,소계,42370,12971,373478,217650,155828,-,-,2,4,3742,13245,12,775,26,458,1324,21509,10905,52966,4167,10822,6954,27259,1632,30169,1327,58819,2039,10064,2457,35724,1073,59601,69,9354,1226,8938,1218,17689,1165,4209,3032,11873
2019,영등포구,여의도동,8132,2258,160633,100149,60484,-,-,-,-,139,656,6,618,10,162,175,8278,1600,13448,195,1782,1674,10065,682,15955,754,47774,440,4229,1026,22939,307,18250,18,5196,205,1775,214,3860,144,1363,543,4283
2019,영등포구,당산1동,3107,966,19234,9309,9925,-,-,-,-,223,691,-,-,1,8,99,1039,994,3096,176,712,552,1353,68,305,83,1572,136,384,266,1573,67,4507,5,2031,53,257,68,884,89,205,227,617
2019,영등포구,당산2동,2289,739,22947,13638,9309,-,-,-,-,78,429,-,-,3,47,93,999,476,2483,149,782,388,1407,123,1539,66,2370,160,654,165,1471,67,7770,5,120,142,1063,115,781,78,238,181,794
2019,영등포구,양평1동,3068,579,24084,13898,10186,-,-,-,-,279,1323,-,-,1,2,65,2090,477,4190,1239,2100,306,948,93,1587,54,1174,112,509,149,1814,52,6531,4,316,48,336,34,457,28,108,127,599
2019,영등포구,양평2동,2182,638,19921,12161,7760,-,-,-,-,166,1554,-,-,2,129,89,1124,492,4233,212,1159,340,1271,178,2588,55,729,121,425,179,2912,53,1830,2,21,75,607,47,549,41,192,130,598
2019,영등포구,신길1동,1091,424,5280,2521,2759,-,-,-,-,48,155,-,-,-,-,41,174,274,694,108,122,214,584,12,49,5,45,60,952,26,110,28,502,2,55,44,220,46,1231,47,110,136,277
2019,영등포구,신길3동,1369,337,2905,1629,1276,-,-,-,-,48,137,-,-,-,-,31,155,251,564,611,618,128,326,5,8,10,110,52,136,12,31,5,10,1,20,28,161,59,408,29,55,99,166
2019,영등포구,신길4동,433,139,1461,639,822,-,-,-,-,16,192,1,1,-,-,20,52,81,318,101,112,67,143,3,68,5,51,22,34,2,10,6,14,1,17,25,108,22,237,7,17,54,87
2019,영등포구,신길5동,526,191,2563,1521,1042,-,-,-,-,25,102,-,-,-,-,29,540,141,419,84,305,94,265,3,8,2,12,31,70,3,13,7,47,3,52,18,287,12,285,18,39,56,119
2019,영등포구,신길6동,1228,488,4904,2252,2652,-,-,-,-,43,108,-,-,-,-,57,265,246,928,136,155,199,606,20,72,8,46,106,425,48,299,13,223,3,247,79,462,77,700,45,106,148,262
2019,영등포구,신길7동,620,252,2932,1396,1536,-,-,-,-,16,43,1,38,-,-,13,125,146,463,67,91,116,338,16,77,7,38,53,137,15,195,13,125,2,317,38,330,30,396,19,28,68,191
2019,영등포구,대림1동,1064,424,4517,1803,2714,-,-,2,4,80,255,-,-,-,-,46,232,307,720,95,101,180,486,7,9,10,56,51,99,21,40,10,19,1,19,27,188,59,1981,42,86,126,222
2019,영등포구,대림2동,1378,658,4520,2161,2359,-,-,-,-,59,139,-,-,2,3,32,140,344,1149,81,90,343,867,8,20,51,144,62,221,39,88,42,310,2,74,21,259,36,568,101,200,155,248
2019,영등포구,대림3동,2262,778,10193,5772,4421,-,-,-,-,189,878,-,-,-,-,128,964,580,1832,279,356,336,820,21,837,29,140,90,176,64,290,81,1273,3,38,70,493,67,1064,120,202,205,830
2019,영등포구,영등포본동,1410,578,5361,2610,2751,-,-,-,-,40,92,1,1,1,30,33,197,507,1410,163,438,256,985,13,130,6,37,52,108,29,378,28,68,4,71,62,618,49,465,48,102,118,231
2019,영등포구,영등포동,5883,1969,34391,17950,16441,-,-,-,-,486,1302,1,75,4,26,205,2120,2427,8614,105,477,1079,4523,147,2996,87,2064,242,710,130,1084,163,4805,5,274,112,645,156,2573,182,796,352,1307
2019,영등포구,도림동,1021,352,2975,1753,1222,-,-,-,-,60,207,-,-,-,-,51,366,227,646,178,351,134,322,17,89,7,51,52,134,26,93,18,49,2,19,50,161,39,232,37,59,123,196
2019,영등포구,문래동,5307,1201,44657,26488,18169,-,-,-,-,1747,4982,2,42,2,51,117,2649,1335,7759,188,1071,548,1950,216,3832,88,2406,197,661,257,2384,113,13268,6,467,129,968,88,1018,90,303,184,846
2019,동작구,소계,19793,7769,106159,52297,53862,-,-,-,-,596,2095,3,118,14,421,585,5972,4285,14001,2231,3644,4153,13252,227,4172,178,3284,1297,5656,459,6440,317,6883,43,3792,1264,14114,1021,13956,810,3024,2310,5335
2019,동작구,노량진2동,1706,606,7779,3936,3843,-,-,-,-,31,59,-,-,2,67,18,55,947,2541,64,207,289,765,15,290,23,359,52,91,24,99,20,484,3,1371,44,584,25,383,40,98,109,326
2019,동작구,상도1동,1765,688,8821,4400,4421,-,-,-,-,46,172,-,-,-,-,51,476,295,1072,219,410,437,1372,29,252,6,65,109,277,40,313,26,53,3,71,125,2787,94,843,79,194,206,464
2019,동작구,상도2동,1398,584,5299,2522,2777,-,-,-,-,58,141,1,36,1,49,45,373,292,741,127,144,247,761,13,41,10,91,123,256,42,155,24,106,3,239,94,635,97,1049,58,152,163,330
2019,동작구,상도3동,1011,394,3477,1517,1960,-,-,-,-,42,125,-,-,-,-,40,270,206,646,203,234,157,469,4,10,6,49,51,122,9,36,5,97,3,56,34,167,69,882,39,88,143,226
2019,동작구,상도4동,1008,358,3105,1328,1777,-,-,-,-,34,109,-,-,1,3,33,95,177,465,265,334,152,440,7,25,2,21,42,83,11,30,8,25,1,28,57,424,67,750,28,53,123,220
2019,동작구,사당1동,1790,688,9815,5238,4577,-,-,-,-,57,124,1,81,-,-,62,766,318,1083,141,316,421,1345,24,329,54,1577,146,430,68,541,42,1019,2,74,80,386,97,991,77,187,200,566
2019,동작구,사당3동,936,351,4032,2014,2018,-,-,-,-,22,55,-,-,1,17,39,246,167,438,141,205,137,403,17,50,7,30,73,385,12,33,18,551,1,23,87,824,41,318,29,192,144,262
2019,동작구,사당4동,659,257,1953,929,1024,-,-,-,-,30,68,-,-,1,1,23,107,151,496,119,166,90,213,1,12,3,47,34,84,5,8,6,24,1,19,27,119,52,404,24,56,92,129
2019,동작구,사당5동,519,171,1646,809,837,-,-,-,-,16,39,-,-,1,34,28,86,84,232,111,131,59,160,10,21,1,5,34,67,13,70,12,69,2,28,42,365,15,88,8,120,83,131
2019,동작구,대방동,1693,649,11691,6475,5216,-,-,-,-,48,326,-,-,1,7,64,1615,325,1244,188,315,281,1025,20,411,16,206,117,438,58,1042,25,821,3,125,197,1887,101,1394,64,191,185,644
2019,동작구,신대방1동,1035,433,4210,2397,1813,-,-,-,-,42,150,1,1,1,5,37,849,227,677,105,138,169,463,7,16,7,66,67,177,30,225,25,311,2,64,77,382,57,350,36,89,145,247
2019,동작구,신대방2동,1227,460,19081,9093,9988,-,-,-,-,42,239,-,-,2,180,47,546,195,1579,104,130,261,1103,32,2447,17,527,89,2287,63,3165,29,1156,7,982,56,446,71,3081,50,708,162,505
2019,동작구,흑석동,1557,711,10324,4626,5698,-,-,-,-,46,189,-,-,2,44,39,147,282,734,137,225,415,1357,11,57,8,65,142,335,21,513,20,463,2,66,101,3163,79,2309,53,228,199,429
2019,동작구,노량진1동,1856,732,8214,4081,4133,-,-,-,-,32,65,-,-,1,14,31,202,263,859,176,254,637,2052,25,132,10,75,119,348,24,74,34,932,7,558,156,1435,61,461,139,427,141,326
2019,동작구,사당2동,1633,687,6712,2932,3780,-,-,-,-,50,234,-,-,-,-,28,139,356,1194,131,435,401,1324,12,79,8,101,99,276,39,136,23,772,3,88,87,510,95,653,86,241,215,530
2019,관악구,소계,25505,9687,115329,59684,55645,-,-,-,-,1185,4492,1,4,9,170,709,9225,5047,15299,3414,5480,5662,17812,265,3036,167,1966,1480,4259,645,4958,367,5654,48,3273,1207,16475,1179,13504,1061,3406,3059,6316
2019,관악구,보라매동,1367,576,6557,3298,3259,-,-,-,-,62,190,-,-,-,-,37,406,453,1145,143,148,265,762,12,295,13,258,53,176,18,644,15,905,1,21,58,681,56,571,32,77,149,278
2019,관악구,청림동,451,209,1385,570,815,-,-,-,-,19,44,-,-,-,-,12,35,63,169,82,82,64,158,2,4,1,13,29,83,5,46,3,56,1,18,63,200,32,313,14,55,61,109
2019,관악구,행운동,1372,598,6845,3085,3760,-,-,-,-,32,115,-,-,-,-,29,402,306,1127,88,95,284,825,19,158,15,229,91,248,41,144,27,249,3,42,95,725,80,1958,56,143,206,385
2019,관악구,낙성대동,1296,451,7867,4302,3565,-,-,-,-,63,202,-,-,-,-,30,588,181,870,61,451,506,2118,35,640,8,42,74,245,51,499,11,183,3,102,30,234,59,886,66,414,118,393
2019,관악구,중앙동,965,357,5516,3264,2252,-,-,-,-,41,97,-,-,-,-,33,1824,174,609,84,86,213,623,11,46,10,192,73,197,29,144,14,247,1,22,50,425,76,657,35,104,121,243
2019,관악구,인헌동,1053,418,3578,1665,1913,-,-,-,-,66,340,1,4,1,20,27,135,218,583,123,143,207,591,12,258,9,125,65,167,30,212,7,32,2,25,52,282,63,381,44,85,126,195
2019,관악구,남현동,872,325,4957,2655,2302,-,-,-,-,22,67,-,-,-,-,18,549,157,646,70,79,239,918,18,192,10,97,39,92,23,366,15,774,5,97,51,331,51,326,38,111,116,312
2019,관악구,서원동,1279,510,7459,3464,3995,-,-,-,-,16,68,-,-,-,-,28,624,285,1015,110,133,413,1738,10,85,12,93,58,286,34,168,15,755,2,79,41,232,59,1469,67,314,129,400
2019,관악구,신원동,814,344,2356,1009,1347,-,-,-,-,45,134,-,-,-,-,27,102,209,456,64,69,178,370,5,14,3,21,41,77,20,78,7,48,1,140,35,231,37,382,25,44,117,190
2019,관악구,서림동,1115,334,3245,1899,1346,-,-,-,-,34,100,-,-,1,1,23,130,158,422,367,663,226,501,5,19,1,11,52,142,9,42,17,49,2,79,46,386,37,421,42,103,95,176
2019,관악구,신사동,1359,515,4356,2262,2094,-,-,-,-,111,418,-,-,-,-,69,499,317,855,97,164,233,543,15,45,9,60,91,220,30,117,22,111,2,78,52,308,51,450,57,149,203,339
2019,관악구,신림동,1687,717,6638,3294,3344,-,-,-,-,43,131,-,-,1,2,27,373,330,1010,40,76,605,2200,17,206,10,169,137,426,47,166,28,390,2,62,24,121,61,485,116,311,199,510
2019,관악구,난향동,397,162,1886,944,942,-,-,-,-,18,58,-,-,-,-,11,44,61,140,105,255,36,86,2,3,3,19,18,53,4,7,8,428,2,56,31,310,36,311,17,41,45,75
2019,관악구,조원동,2150,693,7116,3997,3119,-,-,-,-,197,812,-,-,3,66,68,592,385,1304,568,674,352,1008,19,448,14,130,93,265,38,235,41,315,1,19,48,209,57,523,77,180,189,336
2019,관악구,대학동,1636,620,15017,8174,6843,-,-,-,-,18,65,-,-,-,-,16,38,174,569,109,543,643,1972,36,248,7,93,105,236,119,1522,37,264,3,30,79,8240,36,253,132,624,122,320
2019,관악구,은천동,1562,574,6658,3675,2983,-,-,-,-,98,401,-,-,2,38,55,852,325,1172,200,459,283,783,7,128,11,95,90,211,22,87,29,362,4,173,96,461,73,904,51,102,216,430
2019,관악구,성현동,821,303,2951,1447,1504,-,-,-,-,33,112,-,-,-,-,39,238,100,246,194,209,83,223,7,65,2,15,50,177,11,111,6,186,1,25,101,724,50,333,22,82,122,205
2019,관악구,청룡동,1855,751,10350,5667,4683,-,-,-,-,46,175,-,-,1,43,48,1284,407,1224,116,178,388,1247,25,151,18,175,174,575,75,219,36,134,6,2072,82,855,88,1133,85,262,260,623
2019,관악구,난곡동,954,305,2452,1140,1312,-,-,-,-,37,89,-,-,-,-,32,81,173,421,267,281,111,302,1,4,4,52,34,62,9,19,6,23,1,24,45,410,55,378,28,60,151,246
2019,관악구,삼성동,1010,378,2618,1238,1380,-,-,-,-,41,98,-,-,-,-,28,76,265,573,255,268,120,215,2,3,2,23,51,109,8,61,7,38,1,23,37,379,41,462,16,32,136,258
2019,관악구,미성동,1490,547,5522,2635,2887,-,-,-,-,143,776,-,-,-,-,52,353,306,743,271,424,213,629,5,24,5,54,62,212,22,71,16,105,4,86,91,731,81,908,41,113,178,293
2019,서초구,소계,46940,15153,438985,261147,177838,3,39,3,8,1068,6093,18,224,18,305,1603,62873,11890,66616,1611,10027,6554,31160,2286,32357,990,17835,3508,14516,6892,68949,1328,52336,67,11410,2688,22768,1663,21162,1343,7649,3407,12658
2019,서초구,서초1동,3811,1047,32022,18686,13336,-,-,-,-,89,735,-,-,1,1,110,3095,1003,6130,87,398,466,1919,232,2406,75,1276,302,1032,653,5149,110,4230,3,91,172,2476,122,1496,125,492,261,1096
2019,서초구,서초2동,5072,1431,53003,34023,18980,1,32,-,-,83,303,9,193,2,28,129,11493,1176,5991,81,567,524,2735,508,4977,203,7829,418,1538,785,5275,229,5655,6,1556,375,2125,142,1253,89,379,312,1074
2019,서초구,서초3동,7725,1973,81064,48959,32105,-,-,-,-,125,974,1,4,3,105,202,6617,1285,9550,168,1421,1045,4953,393,9663,193,1656,553,2229,2433,16716,216,11537,14,6771,237,2676,164,1509,246,2340,447,2343
2019,서초구,서초4동,3012,994,28529,13739,14790,-,-,-,-,27,214,-,-,-,-,44,2219,482,4714,33,313,501,3089,87,915,97,1736,276,1338,617,4023,97,3174,3,44,226,2588,250,3079,89,383,183,700
2019,서초구,잠원동,2199,772,18054,10235,7819,-,-,1,5,55,555,-,-,2,4,63,2614,426,2754,68,156,398,1964,132,1447,35,274,208,884,268,2131,74,1657,3,105,147,746,96,916,68,1381,155,461
2019,서초구,반포본동,665,356,2326,1053,1273,-,-,-,-,14,30,-,-,-,-,9,14,229,424,7,7,107,326,3,271,4,36,42,122,14,59,17,80,2,29,124,753,17,64,7,15,69,96
2019,서초구,반포1동,1737,676,10255,5881,4374,-,-,1,2,23,109,-,-,-,-,41,1921,384,1657,46,99,288,995,104,856,25,258,168,591,168,1279,50,424,1,31,91,675,99,675,61,205,187,478
2019,서초구,반포2동,306,149,2142,967,1175,-,-,-,-,4,10,-,-,-,-,9,34,58,160,11,26,32,147,1,5,9,95,42,281,7,14,5,52,3,212,45,629,25,169,9,93,46,215
2019,서초구,반포3동,964,440,7502,3982,3520,-,-,-,-,13,55,1,5,-,-,13,1622,266,1034,6,12,129,755,6,27,14,131,126,444,22,175,21,1267,1,26,149,733,87,804,30,159,80,253
2019,서초구,반포4동,3291,1493,29877,14627,15250,-,-,-,-,85,190,-,-,4,69,27,1504,1614,6745,80,2258,496,4326,47,684,43,540,140,1094,139,2151,32,1015,7,302,254,2424,63,5033,74,661,186,881
2019,서초구,방배본동,1623,655,10497,5551,4946,-,-,-,-,54,271,-,-,-,-,88,491,430,1768,46,161,278,897,47,733,16,201,94,1080,116,783,34,2433,3,295,120,436,49,399,73,160,175,389
2019,서초구,방배1동,1907,654,16332,9436,6896,-,-,-,-,42,223,-,-,-,-,74,4495,454,2335,68,93,272,931,103,964,33,505,167,396,188,1492,51,3096,1,30,113,586,80,468,84,189,177,529
2019,서초구,방배2동,1852,653,17806,9521,8285,-,-,-,-,53,193,-,-,-,-,89,2183,384,3031,125,1551,350,1542,63,980,62,987,143,367,161,953,47,3929,2,68,101,658,62,623,48,88,162,653
2019,서초구,방배3동,1186,378,13826,9415,4411,-,-,-,-,41,131,2,6,2,29,76,4158,256,1645,85,305,106,400,61,1218,12,364,102,378,107,901,38,968,4,118,79,1524,43,845,24,148,148,688
2019,서초구,방배4동,2149,753,14635,8379,6256,-,-,-,-,76,325,1,1,-,-,104,3038,473,1996,68,156,279,890,90,908,31,525,197,751,235,1817,51,1558,2,215,141,1056,123,737,66,220,212,442
2019,서초구,양재1동,3616,1070,44006,28071,15935,-,-,-,-,98,821,3,12,2,55,175,6943,796,5180,242,528,562,2398,189,3324,57,673,248,942,444,12003,100,5922,6,519,168,1544,130,1693,116,283,280,1166
2019,서초구,양재2동,4989,1381,48262,33048,15214,1,6,1,1,171,873,1,3,2,14,318,8423,1849,10336,279,1301,634,2472,202,2908,75,724,230,907,497,13131,140,4450,1,30,111,703,66,486,121,392,290,1102
2019,서초구,내곡동,836,278,8847,5574,3273,1,1,-,-,15,81,-,-,-,-,32,2009,325,1166,111,675,87,421,18,71,6,25,52,142,38,897,16,889,5,968,35,436,45,913,13,61,37,92
2019,강남구,소계,71027,22257,698840,387884,310956,5,36,3,3,1650,16875,58,1169,22,827,1809,46663,16401,143936,3193,11337,11037,59357,4199,59034,1958,32538,6027,30802,8842,110363,1938,76627,58,6202,3903,29778,3042,42029,1840,9120,5042,22144
2019,강남구,신사동,4140,1506,26210,12104,14106,-,-,-,-,219,871,-,-,-,-,66,786,1026,5988,57,275,816,4328,160,1740,48,290,213,874,472,3833,69,1148,2,60,248,1266,344,3305,91,474,309,972
2019,강남구,논현1동,5309,1619,41829,21876,19953,-,-,1,1,136,1247,1,2,1,97,139,2984,1304,9493,132,433,821,3754,399,5408,81,965,419,1771,752,6270,177,3362,2,97,120,731,252,3188,147,622,425,1404
2019,강남구,논현2동,5596,1604,62264,36707,25557,-,-,-,-,171,2074,7,50,-,-,149,6317,1219,14621,181,1723,942,4691,479,5839,109,1067,426,2835,923,11687,192,5120,4,613,146,1131,180,1905,131,656,337,1935
2019,강남구,삼성1동,4079,1141,63573,36995,26578,-,-,-,-,62,281,2,2,1,12,86,3046,1348,21252,91,861,660,5936,229,7067,167,2422,322,2077,540,10049,144,5343,4,266,75,696,109,1531,76,1468,163,1264
2019,강남구,삼성2동,3661,1105,37531,19567,17964,-,-,-,-,80,654,1,4,-,-,112,1700,732,4670,74,278,484,2373,300,3354,156,2706,446,2177,551,5697,114,7695,5,2304,163,824,111,1617,83,405,249,1073
2019,강남구,대치1동,1068,469,6451,2849,3602,-,-,-,-,10,32,-,-,-,-,21,102,151,478,12,25,145,849,8,20,24,290,126,357,17,564,5,20,3,169,304,2474,112,691,38,132,92,248
2019,강남구,대치4동,3677,1236,31920,18437,13483,-,-,1,1,61,275,3,196,2,68,79,863,672,7874,51,386,699,3205,128,1984,93,4144,347,1787,298,3061,71,2349,2,95,606,3109,130,1013,141,564,293,946
2019,강남구,역삼1동,15451,4252,155883,90145,65738,1,3,-,-,203,1804,20,357,5,81,307,8703,3272,28010,183,919,2475,13514,1399,16417,617,11149,1405,7743,2752,37038,480,12159,9,775,553,5035,445,6429,369,1478,956,4269
2019,강남구,역삼2동,3775,1120,38437,21344,17093,2,25,-,-,86,1231,4,6,-,-,122,2498,804,6291,98,1124,523,1941,266,3500,170,3366,440,2021,517,5337,136,7549,2,72,154,1157,132,1243,100,346,219,730
2019,강남구,도곡1동,1596,530,17066,9477,7589,-,-,-,-,38,481,3,86,-,-,43,2423,344,2546,58,160,233,1079,93,1757,52,483,158,631,150,1755,43,838,-,-,114,875,103,3306,41,237,123,409
2019,강남구,도곡2동,1828,646,19895,11973,7922,-,-,-,-,42,1673,1,3,2,137,72,2928,464,3459,29,423,269,1455,85,1702,58,957,150,745,230,3235,37,1107,1,23,120,928,72,387,71,301,125,432
2019,강남구,개포1동,169,64,875,664,211,-,-,-,-,5,9,-,-,-,-,7,32,36,87,44,445,12,25,-,-,1,6,24,121,1,3,-,-,1,15,15,93,3,9,1,4,19,26
2019,강남구,개포4동,1884,558,10524,6440,4084,-,-,-,-,56,200,-,-,-,-,159,2158,621,2485,113,188,202,624,41,414,14,65,102,653,193,1193,37,695,3,79,66,438,59,650,63,180,155,502
2019,강남구,일원본동,500,236,9755,2808,6947,-,-,-,-,6,18,-,-,-,-,14,43,87,383,43,58,53,463,5,241,6,71,59,264,18,48,4,32,2,55,75,688,46,7149,19,83,63,159
2019,강남구,일원1동,2123,335,6888,4437,2451,-,-,-,-,19,54,1,103,1,62,48,1423,194,568,1320,1333,172,588,13,57,3,20,37,82,32,244,18,975,2,80,58,393,62,507,48,217,95,182
2019,강남구,일원2동,564,202,9506,6663,2843,-,-,-,-,7,21,3,304,1,141,24,157,137,775,66,207,67,216,8,582,4,55,49,1074,24,255,15,4129,2,397,40,231,52,784,12,58,53,120
2019,강남구,수서동,1504,382,18055,10363,7692,-,-,-,-,38,150,1,33,1,3,97,3006,478,3811,119,779,191,979,44,371,22,482,105,638,142,1237,56,4894,2,68,27,388,61,656,20,281,100,279
2019,강남구,세곡동,1338,462,7062,3870,3192,-,-,-,-,31,313,-,-,-,-,21,268,285,1325,287,988,187,617,10,13,17,68,103,314,48,508,23,126,2,65,95,949,86,1001,31,110,112,397
2019,강남구,압구정동,3919,1476,29427,13143,16284,-,-,-,-,116,1514,-,-,1,1,46,736,1078,6886,46,119,772,4610,119,1647,67,740,228,1004,312,3669,74,1273,2,59,251,2119,304,2552,106,415,397,2083
2019,강남구,청담동,4212,1693,38137,18127,20010,-,-,-,-,164,2407,4,4,6,222,96,2435,1073,9041,58,161,679,5051,146,1498,70,829,410,1461,425,4254,124,2233,3,258,195,1392,225,2863,107,518,427,3510
2019,강남구,대치2동,3897,1286,64496,38545,25951,2,8,1,1,91,1553,7,19,1,3,88,3990,954,13542,78,342,527,2757,256,5393,171,2293,327,1819,429,10337,113,15568,4,636,388,3800,112,964,109,465,239,1006
2019,강남구,개포2동,737,335,3056,1350,1706,-,-,-,-,9,13,-,-,-,-,13,65,122,351,53,110,108,302,11,30,8,70,131,354,16,89,6,12,1,16,90,1061,42,279,36,106,91,198
2019,송파구,소계,48644,16675,341201,202213,138988,6,276,1,6,1534,9324,10,26,29,578,1851,40900,13699,63804,5836,14813,7461,30248,939,27920,546,9047,2725,12871,2754,30886,862,24285,72,7786,2400,20169,1876,28837,1726,8720,4317,10705
2019,송파구,풍납1동,730,282,2489,1107,1382,-,-,-,-,39,225,-,-,-,-,17,91,174,423,152,276,111,230,3,24,10,163,31,74,16,38,9,108,2,20,28,192,31,380,21,38,86,207
2019,송파구,풍납2동,1151,398,16316,6241,10075,-,-,-,-,41,416,-,-,5,32,36,456,237,1076,178,441,145,703,7,48,6,64,79,202,77,470,19,907,4,361,89,1460,55,9297,42,106,131,277
2019,송파구,거여1동,826,277,3649,1831,1818,-,-,-,-,42,140,2,5,1,3,27,199,175,768,188,209,123,316,6,32,3,6,34,76,11,83,12,716,1,17,35,294,39,561,36,71,91,153
2019,송파구,거여2동,841,297,4560,2425,2135,-,-,-,-,25,108,-,-,-,-,25,430,136,419,207,744,108,346,2,2,6,52,53,188,15,310,21,155,2,52,49,320,68,1166,39,122,85,146
2019,송파구,마천1동,994,328,2411,1293,1118,-,-,-,-,44,130,-,-,-,-,34,125,159,400,310,454,144,287,3,9,1,9,60,112,6,12,4,13,3,51,36,251,45,320,20,41,125,197
2019,송파구,마천2동,1350,490,4236,2256,1980,-,-,-,-,95,284,-,-,-,-,40,131,327,884,324,639,168,394,8,134,7,60,45,92,9,91,10,33,3,218,39,201,79,748,36,65,160,262
2019,송파구,방이1동,1317,502,8454,5014,3440,-,-,-,-,55,550,-,-,-,-,56,763,228,1365,91,296,257,924,13,96,9,64,74,475,60,745,14,694,2,94,191,1509,51,341,71,182,145,356
2019,송파구,방이2동,3125,1038,19808,12136,7672,-,-,-,-,84,681,2,4,1,120,142,2222,685,4324,207,380,730,2994,85,1330,49,568,238,828,279,1715,60,1575,1,20,87,967,95,1155,137,306,243,619
2019,송파구,오륜동,496,219,5724,3159,2565,1,4,-,-,6,9,-,-,1,3,16,80,179,369,8,17,51,352,1,4,9,82,24,131,6,44,2,1375,3,527,31,1268,18,102,85,1221,55,136
2019,송파구,오금동,2397,782,16687,9362,7325,-,-,-,-,141,956,-,-,-,-,167,1444,543,2838,366,612,317,1052,19,643,14,177,113,344,54,630,47,5010,2,52,192,1315,79,727,92,349,251,538
2019,송파구,송파1동,2509,864,14692,9137,5555,-,-,-,-,82,256,1,1,-,-,116,4410,463,1661,553,627,426,1649,36,402,22,176,108,326,150,944,53,685,2,26,93,624,74,2142,99,240,231,523
2019,송파구,송파2동,836,371,4149,2114,2035,-,-,-,-,20,134,-,-,-,-,25,463,178,563,67,70,135,366,6,30,2,21,65,248,27,331,11,281,1,26,104,953,55,329,30,76,110,258
2019,송파구,석촌동,2666,971,15306,9093,6213,1,93,-,-,96,340,-,-,-,-,119,2941,583,2091,222,322,520,1624,44,259,29,668,183,487,133,1195,47,1932,3,44,151,876,110,1247,123,246,302,941
2019,송파구,삼전동,2028,738,11418,7236,4182,1,171,-,-,68,357,1,1,1,47,80,3175,391,1612,224,496,356,1150,30,244,11,67,128,404,86,641,20,193,3,100,153,1074,89,838,100,238,286,610
2019,송파구,가락본동,3489,1071,25440,15642,9798,1,1,-,-,106,664,1,9,2,128,206,4530,995,4978,179,374,623,2236,119,1186,53,591,176,925,255,3161,103,1090,5,1065,89,1058,103,2303,217,490,256,651
2019,송파구,가락1동,2988,808,11391,7674,3717,1,5,-,-,22,121,-,-,3,39,-,-,2544,8525,32,64,119,421,8,56,13,133,73,567,16,98,9,530,2,50,14,142,42,329,3,29,87,282
2019,송파구,가락2동,1901,737,9763,5295,4468,-,-,1,6,76,418,-,-,1,32,100,1042,417,1985,194,357,252,796,30,291,16,175,112,531,71,1311,26,296,2,24,160,944,102,839,87,196,254,520
2019,송파구,문정1동,1295,467,6194,3644,2550,-,-,-,-,63,345,-,-,1,11,83,1030,299,1303,127,191,192,585,19,148,4,27,98,536,61,382,24,239,1,24,63,382,47,532,50,130,163,329
2019,송파구,문정2동,7131,1859,59850,40335,19515,-,-,-,-,257,2221,3,6,6,127,316,10162,2267,11669,908,2626,757,3126,386,5605,75,519,343,2506,1025,11838,211,5021,7,1939,123,528,114,856,81,325,252,776
2019,송파구,장지동,1337,444,9229,6032,3197,-,-,-,-,41,140,-,-,2,24,62,713,208,725,321,2530,179,526,7,94,5,51,86,592,45,1300,18,211,4,124,98,1013,80,637,46,168,135,381
2019,송파구,위례동,667,313,3859,2126,1733,-,-,-,-,13,26,-,-,-,-,2,5,121,328,92,1357,141,556,4,16,1,8,67,252,11,21,6,21,2,24,85,601,49,489,17,45,56,110
2019,송파구,잠실본동,3042,1115,19197,11398,7799,-,-,-,-,72,301,-,-,3,6,92,3276,594,2780,129,323,773,3117,50,680,39,351,208,995,151,1942,66,1803,3,122,156,914,150,1098,209,639,347,850
2019,송파구,잠실4동,383,196,1696,535,1161,-,-,-,-,4,10,-,-,2,6,7,36,74,230,47,63,39,148,1,4,3,37,49,161,8,20,-,-,2,65,55,525,47,258,5,21,40,112
2019,송파구,잠실6동,2629,787,49280,30612,18668,1,2,-,-,24,448,-,-,-,-,34,2949,694,9209,589,886,432,3576,38,16517,129,4696,88,1151,151,3434,47,1138,3,2393,85,459,106,1206,36,384,172,832
2019,송파구,잠실7동,196,101,1284,561,723,-,-,-,-,1,3,-,-,-,-,9,86,60,93,8,31,19,51,2,3,4,46,20,80,2,5,4,194,1,11,22,529,7,23,4,20,33,109
2019,송파구,잠실2동,777,410,4583,2071,2512,-,-,-,-,2,6,-,-,-,-,16,86,236,562,46,324,96,367,4,16,10,84,68,282,8,28,9,27,4,241,91,1077,63,388,23,840,101,255
2019,송파구,잠실3동,1543,810,9536,3884,5652,-,-,-,-,15,35,-,-,-,-,24,55,732,2624,67,104,248,2356,8,47,16,152,102,306,21,97,10,38,4,96,81,693,78,526,17,2132,120,275
2019,강동구,소계,29080,10358,141770,74700,67070,-,-,-,-,1292,4855,1,4,17,513,989,16944,6425,23661,5417,9366,4879,15636,204,1783,236,3273,1779,4878,617,7004,453,12153,45,2733,1491,10578,1277,19036,930,2826,3028,6527
2019,강동구,강일동,962,284,17586,13299,4287,-,-,-,-,10,73,-,-,-,-,19,7731,114,654,365,2154,92,472,3,350,6,47,70,416,17,2853,8,664,2,59,83,1008,77,785,22,112,74,208
2019,강동구,상일동,918,287,5176,2234,2942,-,-,-,-,48,137,-,-,1,1,26,145,160,560,241,276,154,531,3,7,5,27,81,312,19,159,9,85,2,43,41,910,26,1759,28,105,74,119
2019,강동구,명일1동,1739,760,6643,2730,3913,-,-,-,-,41,114,-,-,-,-,35,298,426,1046,209,225,351,1041,7,18,14,129,89,240,19,68,14,518,3,34,131,609,118,1532,77,215,205,556
2019,강동구,명일2동,987,443,3944,1688,2256,-,-,-,-,22,42,-,-,-,-,29,128,227,823,17,21,156,635,4,17,7,93,71,236,12,45,10,37,2,48,207,1024,63,456,57,154,103,185
2019,강동구,고덕1동,732,308,2670,1202,1468,-,-,-,-,28,80,-,-,-,-,22,103,111,290,172,201,100,279,2,9,3,14,68,214,6,46,8,38,3,94,65,717,38,409,16,38,90,138
2019,강동구,고덕2동,677,258,2548,1112,1436,-,-,-,-,21,75,1,4,2,52,7,22,105,340,148,167,79,236,2,4,5,35,148,369,1,3,1,4,1,23,29,569,37,351,15,124,75,170
2019,강동구,암사2동,838,319,3711,1647,2064,-,-,-,-,27,90,-,-,-,-,24,213,142,395,189,479,126,394,8,11,4,48,56,111,14,64,10,877,2,45,69,415,47,285,29,89,91,195
2019,강동구,암사3동,576,219,2185,1040,1145,-,-,-,-,21,68,-,-,1,136,15,195,123,375,124,124,55,172,2,6,1,13,35,104,7,12,4,33,2,65,77,519,27,207,9,32,73,124
2019,강동구,천호1동,1534,524,5332,2615,2717,-,-,-,-,104,390,-,-,-,-,51,383,291,843,355,659,225,641,10,113,7,84,81,219,21,91,21,112,3,29,69,712,65,625,40,96,191,335
2019,강동구,천호3동,1830,668,7474,3898,3576,-,-,-,-,56,181,-,-,2,21,56,365,473,1424,256,483,345,1014,16,155,33,560,120,312,33,814,43,467,3,67,50,222,68,776,57,129,219,484
2019,강동구,성내1동,2048,628,17777,9721,8056,-,-,-,-,168,588,-,-,4,156,116,2682,529,2711,193,285,326,1144,33,210,18,203,102,227,131,745,66,4635,6,1716,84,706,64,1020,59,262,149,487
2019,강동구,성내2동,1836,715,6770,3253,3517,-,-,-,-,103,297,-,-,2,41,68,442,410,1146,189,387,360,1036,14,61,27,698,122,281,41,178,44,394,2,38,60,209,83,891,61,140,250,531
2019,강동구,성내3동,2439,927,9117,4987,4130,-,-,-,-,120,691,-,-,1,42,96,684,584,2347,216,314,497,1439,20,185,24,160,156,326,81,731,35,277,1,18,126,471,110,649,105,230,267,553
2019,강동구,둔촌1동,17,5,283,195,88,-,-,-,-,1,9,-,-,-,-,-,-,9,63,1,10,-,-,-,-,-,-,-,-,-,-,-,-,-,-,2,194,-,-,-,-,4,7
2019,강동구,둔촌2동,1553,539,9463,4676,4787,-,-,-,-,78,284,-,-,-,-,84,701,325,2183,255,619,240,840,10,41,8,99,90,239,38,269,19,60,3,96,87,585,59,3002,53,128,204,317
2019,강동구,암사1동,1918,698,5646,2777,2869,-,-,-,-,123,422,-,-,1,2,82,468,378,992,418,616,322,855,7,28,5,76,92,188,14,47,16,79,2,34,69,237,78,1035,63,154,248,413
2019,강동구,천호2동,3439,1346,14208,6528,7680,-,-,-,-,166,560,-,-,1,3,98,597,1189,4609,349,431,653,2355,25,152,23,355,153,481,52,353,73,704,3,103,100,568,150,1779,100,415,304,743
2019,강동구,길동,5037,1430,21237,11098,10139,-,-,-,-,155,754,-,-,2,59,161,1787,829,2860,1720,1915,798,2552,38,416,46,632,245,603,111,526,72,3169,5,221,142,903,167,3475,139,403,407,962